-- select database
use ssp6g6;
GO

-- Disable Trigger(s)
ALTER TABLE [User] DISABLE TRIGGER User_RestrictDeletion;
ALTER TABLE Shop DISABLE TRIGGER Shop_RestrictNameChange;
ALTER TABLE [Order] DISABLE TRIGGER Order_RestrictChange;
ALTER TABLE Product_Price_History DISABLE TRIGGER Product_Price_History_RestrictChange;
ALTER TABLE Product_Price_History DISABLE TRIGGER Product_Price_History_checkPreviousPriceEnd;
ALTER TABLE Product_Price_History DISABLE TRIGGER Product_Price_History_checkPriceEndClash;
ALTER TABLE Order_Product DISABLE TRIGGER Order_Product_UpdateTotalProductCost;
ALTER TABLE Order_Product DISABLE TRIGGER Order_Product_StatusChange;
ALTER TABLE Product_Rating DISABLE TRIGGER Product_Rating_ratingDate;
ALTER TABLE Product_Rating DISABLE TRIGGER Product_Rating_checkUserID;
ALTER TABLE Complaint DISABLE TRIGGER Complaint_checkInsertion;
ALTER TABLE Complaint DISABLE TRIGGER Complaint_checkUpdate;
ALTER TABLE Shop_Complaint DISABLE TRIGGER Shop_Complaint_checkComplaintExist;
ALTER TABLE Order_Product_Complaint DISABLE TRIGGER Order_Product_Complaint_checkComplaintExist;
ALTER TABLE Comment_Complaint DISABLE TRIGGER Comment_Complaint_checkComplaintExist;
ALTER TABLE Comment_Complaint DISABLE TRIGGER Comment_Complaint_DeleteComplaint;
ALTER TABLE Order_Product_Complaint DISABLE TRIGGER Order_Product_Complaint_DeleteComplaint;
ALTER TABLE Shop_Complaint DISABLE TRIGGER Shop_Complaint_DeleteComplaint;
ALTER TABLE Order_Product_Complaint DISABLE TRIGGER Order_Product_Complaint_checkUserID;
GO

-- Initialize and Reset Database Table
DELETE FROM Order_Product_Complaint WHERE 1=1;
DELETE FROM Comment_Complaint WHERE 1=1;
DELETE FROM Shop_Complaint WHERE 1=1;
DELETE FROM Complaint WHERE 1=1;
DELETE FROM Reply WHERE 1=1;
DELETE FROM Comment WHERE 1=1;
DELETE FROM Employee WHERE 1=1;
DELETE FROM Product_Rating WHERE 1=1;
DELETE FROM Order_Product WHERE 1=1;
DELETE FROM [Order] WHERE 1=1;
DELETE FROM [User] WHERE 1=1;
DELETE FROM Product_Price_History WHERE 1=1;
DELETE FROM Product_Shipping_Stock WHERE 1=1;
DELETE FROM Shop WHERE 1=1;
DELETE FROM Product_Maker WHERE 1=1;
DELETE FROM Product_Category WHERE 1=1;
GO

-- Alter Constraints to Simulate Past Datas
ALTER TABLE Product_Rating NOCHECK CONSTRAINT Product_Rating_checkRatingDate;
ALTER TABLE Product_Price_History NOCHECK CONSTRAINT Product_Price_History_checkPriceStart;
ALTER TABLE [Order] NOCHECK CONSTRAINT Order_checkOrderedDate;
ALTER TABLE Order_Product NOCHECK CONSTRAINT Order_Product_checkStatChangeDate;
ALTER TABLE Order_Product NOCHECK CONSTRAINT Order_Product_checkDeliveryDate;
ALTER TABLE Complaint NOCHECK CONSTRAINT Complaint_checkDateFiled;
GO

-- Shop Table
INSERT INTO Shop (name) VALUES('Factory Sports');
INSERT INTO Shop (name) VALUES('Commerce Electro');
INSERT INTO Shop (name) VALUES('Cryosell');
INSERT INTO Shop (name) VALUES('Nusell');
INSERT INTO Shop (name) VALUES('Coco Allure');

-- Employee Table
SET IDENTITY_INSERT Employee ON;
INSERT INTO Employee (employeeID, name, password, salary) VALUES (1, 'Ang Chuan Kai', 'ACIPIGKDSJYYGHBMIEWHIZJYXPYEPHTZBTKXBAPUQBEGKHRVJAYGTEGGCKHCNGSWJVMSNYTZCVTSQPBLKCZOMOKSWFMYKYMXGZUNKJFZDGAPRSLDJQSFGWYPNXHIZGKHUKWIDCSCCPIZNDGLYRGMRCVHBPJPNQKNQZSCSXGBBHLKZDXUJEQDDNDJDAIFTNNSTZIYXZEGJUEYMOEBXZHAXLDBALCCZOFEITULWPXWFYEYSAKOFNMIRSJTJLPRLOIK', 5000);
INSERT INTO Employee (employeeID, name, password, salary) VALUES (2, 'David Ryosuke Harui', 'ACIPIGKDSJYYGHBMIEWHIZJYXPYEPHTZBTKXBAPUQBEGKHRVJAYGTEGGCKHCNGSWJVMSNYTZCVTSQPBLKCZOMOKSWFMYKYMXGZUNKJFZDGAPRSLDJQSFGWYPNXHIZGKHUKWIDCSCCPIZNDGLYRGMRCVHBPJPNQKNQZSCSXGBBHLKZDXUJEQDDNDJDAIFTNNSTZIYXZEGJUEYMOEBXZHAXLDBALCCZOFEITULWPXWFYEYSAKOFNMIRSJTJLPRLOIK', 10000);
INSERT INTO Employee (employeeID, name, password, salary) VALUES (3, 'Wong Wei Jian', 'ACZMPRKPDUXCJAHLZUPNYJKTMDTRZBIFNTLFTCFHVJCWJVLZRMKVHBEHCWHYNBGYOQKYTYNBIGIMANHYNJJSAHPBDJUTDYALMIDZXYYOOGMPPXANBKMZWHYJAFZTDSVQOOTXFBCUNZCIGZBUYPTDQYWSKBFYFVEDFQLFGVPYBWFOVDUJTGORLVYTLLVAQCQQDHJVSDQWEVFANDNDJTMULFBNXCIYSTXQVGPRDWRPVHHJPOMOOQJYGVHYEUOWRFPO', 2000);
INSERT INTO Employee (employeeID, name, password, salary) VALUES (4, 'Sun Chengzheng', 'ACZMPRKPDUXCJAHLZUPNYJKTMDTRZBIFNTLFTCFHVJCWJVLZRMKVHBEHCWHYNBGYOQKYTYNBIGIMANHYNJJSAHPBDJUTDYALMIDZXYYOOGMPPXANBKMZWHYJAFZTDSVQOOTXFBCUNZCIGZBUYPTDQYWSKBFYFVEDFQLFGVPYBWFOVDUJTGORLVYTLLVAQCQQDHJVSDQWEVFANDNDJTMULFBNXCIYSTXQVGPRDWRPVHHJPOMOOQJYGVHYEUOWRFPO', 3000);
INSERT INTO Employee (employeeID, name, password, salary) VALUES (5, 'Shen Zhiqi', 'ACZMPRKPDUXCJAHLZUPNYJKTMDTRZBIFNTLFTCFHVJCWJVLZRMKVHBEHCWHYNBGYOQKYTYNBIGIMANHYNJJSAHPBDJUTDYALMIDZXYYOOGMPPXANBKMZWHYJAFZTDSVQOOTXFBCUNZCIGZBUYPTDQYWSKBFYFVEDFQLFGVPYBWFOVDUJTGORLVYTLLVAQCQQDHJVSDQWEVFANDNDJTMULFBNXCIYSTXQVGPRDWRPVHHJPOMOOQJYGVHYEUOWRFPO', 4000);
SET IDENTITY_INSERT Employee OFF;

-- User Table
SET IDENTITY_INSERT [User] ON;
INSERT INTO [User] (userID, name, password) VALUES (1, 'Lin Yixiang, Leon', 'ACIPIGKDSJYYGHBMIEWHIZJYXPYEPHTZBTKXBAPUQBEGKHRVJAYGTEGGCKHCNGSWJVMSNYTZCVTSQPBLKCZOMOKSWFMYKYMXGZUNKJFZDGAPRSLDJQSFGWYPNXHIZGKHUKWIDCSCCPIZNDGLYRGMRCVHBPJPNQKNQZSCSXGBBHLKZDXUJEQDDNDJDAIFTNNSTZIYXZEGJUEYMOEBXZHAXLDBALCCZOFEITULWPXWFYEYSAKOFNMIRSJTJLPRLOIK'); 
INSERT INTO [User] (userID, name, password)	VALUES (2, 'Gerald Sim Tong', 'ACIPIGKDSJYYGHBMIEWHIZJYXPYEPHTZBTKXBAPUQBEGKHRVJAYGTEGGCKHCNGSWJVMSNYTZCVTSQPBLKCZOMOKSWFMYKYMXGZUNKJFZDGAPRSLDJQSFGWYPNXHIZGKHUKWIDCSCCPIZNDGLYRGMRCVHBPJPNQKNQZSCSXGBBHLKZDXUJEQDDNDJDAIFTNNSTZIYXZEGJUEYMOEBXZHAXLDBALCCZOFEITULWPXWFYEYSAKOFNMIRSJTJLPRLOIK');
INSERT INTO [User] (userID, name, password)	VALUES (3, 'Xavier Tan', 'ACZMPRKPDUXCJAHLZUPNYJKTMDTRZBIFNTLFTCFHVJCWJVLZRMKVHBEHCWHYNBGYOQKYTYNBIGIMANHYNJJSAHPBDJUTDYALMIDZXYYOOGMPPXANBKMZWHYJAFZTDSVQOOTXFBCUNZCIGZBUYPTDQYWSKBFYFVEDFQLFGVPYBWFOVDUJTGORLVYTLLVAQCQQDHJVSDQWEVFANDNDJTMULFBNXCIYSTXQVGPRDWRPVHHJPOMOOQJYGVHYEUOWRFPO');
INSERT INTO [User] (userID, name, password)	VALUES (4, 'Lee Wei Si', 'ACZMPRKPDUXCJAHLZUPNYJKTMDTRZBIFNTLFTCFHVJCWJVLZRMKVHBEHCWHYNBGYOQKYTYNBIGIMANHYNJJSAHPBDJUTDYALMIDZXYYOOGMPPXANBKMZWHYJAFZTDSVQOOTXFBCUNZCIGZBUYPTDQYWSKBFYFVEDFQLFGVPYBWFOVDUJTGORLVYTLLVAQCQQDHJVSDQWEVFANDNDJTMULFBNXCIYSTXQVGPRDWRPVHHJPOMOOQJYGVHYEUOWRFPO');
INSERT INTO [User] (userID, name, password)	VALUES (5, 'Zachary Tan', 'ACZMPRKPDUXCJAHLZUPNYJKTMDTRZBIFNTLFTCFHVJCWJVLZRMKVHBEHCWHYNBGYOQKYTYNBIGIMANHYNJJSAHPBDJUTDYALMIDZXYYOOGMPPXANBKMZWHYJAFZTDSVQOOTXFBCUNZCIGZBUYPTDQYWSKBFYFVEDFQLFGVPYBWFOVDUJTGORLVYTLLVAQCQQDHJVSDQWEVFANDNDJTMULFBNXCIYSTXQVGPRDWRPVHHJPOMOOQJYGVHYEUOWRFPO');
INSERT INTO [User] (userID, name, password) VALUES (6, 'Adrian', 'ACIPIGKDSJYYGHBMIEWHIZJYXPYEPHTZBTKXBAPUQBEGKHRVJAYGTEGGCKHCNGSWJVMSNYTZCVTSQPBLKCZOMOKSWFMYKYMXGZUNKJFZDGAPRSLDJQSFGWYPNXHIZGKHUKWIDCSCCPIZNDGLYRGMRCVHBPJPNQKNQZSCSXGBBHLKZDXUJEQDDNDJDAIFTNNSTZIYXZEGJUEYMOEBXZHAXLDBALCCZOFEITULWPXWFYEYSAKOFNMIRSJTJLPRLOIK'); 
INSERT INTO [User] (userID, name, password)	VALUES (7, 'Adriel', 'ACIPIGKDSJYYGHBMIEWHIZJYXPYEPHTZBTKXBAPUQBEGKHRVJAYGTEGGCKHCNGSWJVMSNYTZCVTSQPBLKCZOMOKSWFMYKYMXGZUNKJFZDGAPRSLDJQSFGWYPNXHIZGKHUKWIDCSCCPIZNDGLYRGMRCVHBPJPNQKNQZSCSXGBBHLKZDXUJEQDDNDJDAIFTNNSTZIYXZEGJUEYMOEBXZHAXLDBALCCZOFEITULWPXWFYEYSAKOFNMIRSJTJLPRLOIK');
INSERT INTO [User] (userID, name, password)	VALUES (8, 'Alex', 'ACZMPRKPDUXCJAHLZUPNYJKTMDTRZBIFNTLFTCFHVJCWJVLZRMKVHBEHCWHYNBGYOQKYTYNBIGIMANHYNJJSAHPBDJUTDYALMIDZXYYOOGMPPXANBKMZWHYJAFZTDSVQOOTXFBCUNZCIGZBUYPTDQYWSKBFYFVEDFQLFGVPYBWFOVDUJTGORLVYTLLVAQCQQDHJVSDQWEVFANDNDJTMULFBNXCIYSTXQVGPRDWRPVHHJPOMOOQJYGVHYEUOWRFPO');
INSERT INTO [User] (userID, name, password)	VALUES (9, 'Andre', 'ACZMPRKPDUXCJAHLZUPNYJKTMDTRZBIFNTLFTCFHVJCWJVLZRMKVHBEHCWHYNBGYOQKYTYNBIGIMANHYNJJSAHPBDJUTDYALMIDZXYYOOGMPPXANBKMZWHYJAFZTDSVQOOTXFBCUNZCIGZBUYPTDQYWSKBFYFVEDFQLFGVPYBWFOVDUJTGORLVYTLLVAQCQQDHJVSDQWEVFANDNDJTMULFBNXCIYSTXQVGPRDWRPVHHJPOMOOQJYGVHYEUOWRFPO');
INSERT INTO [User] (userID, name, password)	VALUES (10, 'Asher', 'ACZMPRKPDUXCJAHLZUPNYJKTMDTRZBIFNTLFTCFHVJCWJVLZRMKVHBEHCWHYNBGYOQKYTYNBIGIMANHYNJJSAHPBDJUTDYALMIDZXYYOOGMPPXANBKMZWHYJAFZTDSVQOOTXFBCUNZCIGZBUYPTDQYWSKBFYFVEDFQLFGVPYBWFOVDUJTGORLVYTLLVAQCQQDHJVSDQWEVFANDNDJTMULFBNXCIYSTXQVGPRDWRPVHHJPOMOOQJYGVHYEUOWRFPO');
INSERT INTO [User] (userID, name, password) VALUES (11, 'Liam', 'ACIPIGKDSJYYGHBMIEWHIZJYXPYEPHTZBTKXBAPUQBEGKHRVJAYGTEGGCKHCNGSWJVMSNYTZCVTSQPBLKCZOMOKSWFMYKYMXGZUNKJFZDGAPRSLDJQSFGWYPNXHIZGKHUKWIDCSCCPIZNDGLYRGMRCVHBPJPNQKNQZSCSXGBBHLKZDXUJEQDDNDJDAIFTNNSTZIYXZEGJUEYMOEBXZHAXLDBALCCZOFEITULWPXWFYEYSAKOFNMIRSJTJLPRLOIK'); 
INSERT INTO [User] (userID, name, password)	VALUES (12, 'Noah', 'ACIPIGKDSJYYGHBMIEWHIZJYXPYEPHTZBTKXBAPUQBEGKHRVJAYGTEGGCKHCNGSWJVMSNYTZCVTSQPBLKCZOMOKSWFMYKYMXGZUNKJFZDGAPRSLDJQSFGWYPNXHIZGKHUKWIDCSCCPIZNDGLYRGMRCVHBPJPNQKNQZSCSXGBBHLKZDXUJEQDDNDJDAIFTNNSTZIYXZEGJUEYMOEBXZHAXLDBALCCZOFEITULWPXWFYEYSAKOFNMIRSJTJLPRLOIK');
INSERT INTO [User] (userID, name, password)	VALUES (13, 'William', 'ACZMPRKPDUXCJAHLZUPNYJKTMDTRZBIFNTLFTCFHVJCWJVLZRMKVHBEHCWHYNBGYOQKYTYNBIGIMANHYNJJSAHPBDJUTDYALMIDZXYYOOGMPPXANBKMZWHYJAFZTDSVQOOTXFBCUNZCIGZBUYPTDQYWSKBFYFVEDFQLFGVPYBWFOVDUJTGORLVYTLLVAQCQQDHJVSDQWEVFANDNDJTMULFBNXCIYSTXQVGPRDWRPVHHJPOMOOQJYGVHYEUOWRFPO');
INSERT INTO [User] (userID, name, password)	VALUES (14, 'James', 'ACZMPRKPDUXCJAHLZUPNYJKTMDTRZBIFNTLFTCFHVJCWJVLZRMKVHBEHCWHYNBGYOQKYTYNBIGIMANHYNJJSAHPBDJUTDYALMIDZXYYOOGMPPXANBKMZWHYJAFZTDSVQOOTXFBCUNZCIGZBUYPTDQYWSKBFYFVEDFQLFGVPYBWFOVDUJTGORLVYTLLVAQCQQDHJVSDQWEVFANDNDJTMULFBNXCIYSTXQVGPRDWRPVHHJPOMOOQJYGVHYEUOWRFPO');
INSERT INTO [User] (userID, name, password)	VALUES (15, 'Logan', 'ACZMPRKPDUXCJAHLZUPNYJKTMDTRZBIFNTLFTCFHVJCWJVLZRMKVHBEHCWHYNBGYOQKYTYNBIGIMANHYNJJSAHPBDJUTDYALMIDZXYYOOGMPPXANBKMZWHYJAFZTDSVQOOTXFBCUNZCIGZBUYPTDQYWSKBFYFVEDFQLFGVPYBWFOVDUJTGORLVYTLLVAQCQQDHJVSDQWEVFANDNDJTMULFBNXCIYSTXQVGPRDWRPVHHJPOMOOQJYGVHYEUOWRFPO');
SET IDENTITY_INSERT [User] OFF;

-- Product_Category Table
INSERT INTO Product_Category (name, maker, category) VALUES ('iPhone Xs', 'Apple', 'Electronics');
INSERT INTO Product_Category (name, maker, category) VALUES ('iPhone 6', 'Apple', 'Electronics');
INSERT INTO Product_Category (name, maker, category) VALUES ('iPhone X', 'Apple', 'Electronics');
INSERT INTO Product_Category (name, maker, category) VALUES ('Xiaomi Redmi Note 5 Pro', 'Xiaomi', 'Electronics');
INSERT INTO Product_Category (name, maker, category) VALUES ('Samsung Galaxy Note 9', 'Samsung', 'Electronics');
INSERT INTO Product_Category (name, maker, category) VALUES ('Huawei Nova 3i', 'Huawei', 'Electronics');
INSERT INTO Product_Category (name, maker, category) VALUES ('Now Foods Essential Oils, Peppermint', 'Now', 'Health & Lifestyle');
INSERT INTO Product_Category (name, maker, category) VALUES ('Footlogix - Very Dry Skin Formula', 'Footlogix', 'Health & Lifestyle');
INSERT INTO Product_Category (name, maker, category) VALUES ('Watsons Body Wax Strips', 'Watsons', 'Health & Lifestyle');
INSERT INTO Product_Category (name, maker, category) VALUES ('Dove Bodywash Beauty Nourishing', 'Dove', 'Health & Lifestyle');
INSERT INTO Product_Category (name, maker, category) VALUES ('Norzy Lavender Essential Oil', 'Norzy', 'Health & Lifestyle');
INSERT INTO Product_Category (name, maker, category) VALUES ('Omnidesk', 'Samsung', 'Productivity');
INSERT INTO Product_Category (name, maker, category) VALUES ('Softweave Fabric', 'Secretlab', 'Productivity');
INSERT INTO Product_Category (name, maker, category) VALUES ('Leegoal Portable Adjustable Laptop Stand', 'Samsung', 'Productivity');
INSERT INTO Product_Category (name, maker, category) VALUES ('Kobwa Portable Adjustable Laptop Stand', 'Samsung', 'Productivity');
INSERT INTO Product_Category (name, maker, category) VALUES ('Travel Portable Inflatable Air Pillow', 'Naturehike', 'Productivity');
INSERT INTO Product_Category (name, maker, category) VALUES ('Elegant Lady Solid Color V-neck Slip Dress', 'H&M', 'Fashion');
INSERT INTO Product_Category (name, maker, category) VALUES ('Housemark Polo', 'H&M', 'Fashion');
INSERT INTO Product_Category (name, maker, category) VALUES ('Breathable Bamboo Fiber Underwear', 'Uniqlo', 'Fashion');
INSERT INTO Product_Category (name, maker, category) VALUES ('JvGood USB Charging Chest Bag', 'Uniqlo', 'Fashion');
INSERT INTO Product_Category (name, maker, category) VALUES ('Small Credit Card & ID Holder', 'Zara', 'Fashion');
INSERT INTO Product_Category (name, maker, category) VALUES ('Timeless Reactive Bowling Ball', 'Storm', 'Sports');
INSERT INTO Product_Category (name, maker, category) VALUES ('FIBA Molten Official Game Ball', 'Molten', 'Sports');
INSERT INTO Product_Category (name, maker, category) VALUES ('TYR Astro Metallised', 'TYR', 'Sports');
INSERT INTO Product_Category (name, maker, category) VALUES ('Diving Snorkeling Wet Suit', 'Speedo', 'Sports');
INSERT INTO Product_Category (name, maker, category) VALUES ('A-Shaped Triangular Floating Buoy Board', 'Samsung', 'Sports');

-- Product_Maker Table
SET IDENTITY_INSERT Product_Maker ON;
INSERT INTO Product_Maker (productID, name, maker) VALUES (1, 'iPhone Xs', 'Apple');
INSERT INTO Product_Maker (productID, name, maker) VALUES (2, 'iPhone 6', 'Apple');
INSERT INTO Product_Maker (productID, name, maker) VALUES (3, 'Xiaomi Redmi Note 5 Pro', 'Xiaomi');
INSERT INTO Product_Maker (productID, name, maker) VALUES (4, 'Samsung Galaxy Note 9', 'Samsung');
INSERT INTO Product_Maker (productID, name, maker) VALUES (5, 'Huawei Nova 3i', 'Huawei');
INSERT INTO Product_Maker (productID, name, maker) VALUES (6, 'Now Foods Essential Oils, Peppermint', 'Now');
INSERT INTO Product_Maker (productID, name, maker) VALUES (7, 'Footlogix - Very Dry Skin Formula', 'Footlogix');
INSERT INTO Product_Maker (productID, name, maker) VALUES (8, 'Watsons Body Wax Strips', 'Watsons');
INSERT INTO Product_Maker (productID, name, maker) VALUES (9, 'Dove Bodywash Beauty Nourishing', 'Dove');
INSERT INTO Product_Maker (productID, name, maker) VALUES (10, 'Norzy Lavender Essential Oil', 'Norzy');
INSERT INTO Product_Maker (productID, name, maker) VALUES (11, 'Omnidesk', 'Samsung');
INSERT INTO Product_Maker (productID, name, maker) VALUES (12, 'Softweave Fabric', 'Secretlab');
INSERT INTO Product_Maker (productID, name, maker) VALUES (13, 'Leegoal Portable Adjustable Laptop Stand', 'Samsung');
INSERT INTO Product_Maker (productID, name, maker) VALUES (14, 'Kobwa Portable Adjustable Laptop Stand', 'Samsung');
INSERT INTO Product_Maker (productID, name, maker) VALUES (15, 'Travel Portable Inflatable Air Pillow', 'Naturehike');
INSERT INTO Product_Maker (productID, name, maker) VALUES (16, 'Elegant Lady Solid Color V-neck Slip Dress', 'H&M');
INSERT INTO Product_Maker (productID, name, maker) VALUES (17, 'Housemark Polo', 'H&M');
INSERT INTO Product_Maker (productID, name, maker) VALUES (18, 'Breathable Bamboo Fiber Underwear', 'Uniqlo');
INSERT INTO Product_Maker (productID, name, maker) VALUES (19, 'JvGood USB Charging Chest Bag', 'Uniqlo');
INSERT INTO Product_Maker (productID, name, maker) VALUES (20, 'Small Credit Card & ID Holder', 'Zara');
INSERT INTO Product_Maker (productID, name, maker) VALUES (21, 'Timeless Reactive Bowling Ball', 'Storm');
INSERT INTO Product_Maker (productID, name, maker) VALUES (22, 'FIBA Molten Official Game Ball', 'Molten');
INSERT INTO Product_Maker (productID, name, maker) VALUES (23, 'TYR Astro Metallised', 'TYR');
INSERT INTO Product_Maker (productID, name, maker) VALUES (24, 'Diving Snorkeling Wet Suit', 'Speedo');
INSERT INTO Product_Maker (productID, name, maker) VALUES (25, 'A-Shaped Triangular Floating Buoy Board', 'Samsung');
INSERT INTO Product_Maker (productID, name, maker) VALUES (26, 'iPhone X', 'Apple');
SET IDENTITY_INSERT Product_Maker OFF;

-- Product_Shipping_Stock Table
INSERT INTO Product_Shipping_Stock (shopName, productID, stockQty, itemShippingCost) VALUES ('Factory Sports', 21, 11, 0);
INSERT INTO Product_Shipping_Stock (shopName, productID, stockQty, itemShippingCost) VALUES ('Factory Sports', 22, 12, 0);
INSERT INTO Product_Shipping_Stock (shopName, productID, stockQty, itemShippingCost) VALUES ('Factory Sports', 23, 13, 0);
INSERT INTO Product_Shipping_Stock (shopName, productID, stockQty, itemShippingCost) VALUES ('Factory Sports', 24, 100, 0);
INSERT INTO Product_Shipping_Stock (shopName, productID, stockQty, itemShippingCost) VALUES ('Factory Sports', 25, 101, 0);
INSERT INTO Product_Shipping_Stock (shopName, productID, stockQty, itemShippingCost) VALUES ('Factory Sports', 19, 150, 0);
INSERT INTO Product_Shipping_Stock (shopName, productID, stockQty, itemShippingCost) VALUES ('Commerce Electro', 1, 149, 5);
INSERT INTO Product_Shipping_Stock (shopName, productID, stockQty, itemShippingCost) VALUES ('Commerce Electro', 2, 120, 5);
INSERT INTO Product_Shipping_Stock (shopName, productID, stockQty, itemShippingCost) VALUES ('Commerce Electro', 3, 115, 5);
INSERT INTO Product_Shipping_Stock (shopName, productID, stockQty, itemShippingCost) VALUES ('Commerce Electro', 4, 110, 4);
INSERT INTO Product_Shipping_Stock (shopName, productID, stockQty, itemShippingCost) VALUES ('Commerce Electro', 5, 56, 4);
INSERT INTO Product_Shipping_Stock (shopName, productID, stockQty, itemShippingCost) VALUES ('Commerce Electro', 13, 57, 4);
INSERT INTO Product_Shipping_Stock (shopName, productID, stockQty, itemShippingCost) VALUES ('Commerce Electro', 14, 54, 4);
INSERT INTO Product_Shipping_Stock (shopName, productID, stockQty, itemShippingCost) VALUES ('Cryosell', 6, 23, 10);
INSERT INTO Product_Shipping_Stock (shopName, productID, stockQty, itemShippingCost) VALUES ('Cryosell', 7, 32, 10);
INSERT INTO Product_Shipping_Stock (shopName, productID, stockQty, itemShippingCost) VALUES ('Cryosell', 8, 45, 15);
INSERT INTO Product_Shipping_Stock (shopName, productID, stockQty, itemShippingCost) VALUES ('Cryosell', 9, 47, 15);
INSERT INTO Product_Shipping_Stock (shopName, productID, stockQty, itemShippingCost) VALUES ('Cryosell', 10, 89, 20);
INSERT INTO Product_Shipping_Stock (shopName, productID, stockQty, itemShippingCost) VALUES ('Cryosell', 4, 82, 20);
INSERT INTO Product_Shipping_Stock (shopName, productID, stockQty, itemShippingCost) VALUES ('Cryosell', 13, 92, 20);
INSERT INTO Product_Shipping_Stock (shopName, productID, stockQty, itemShippingCost) VALUES ('Nusell', 4, 200, 6);
INSERT INTO Product_Shipping_Stock (shopName, productID, stockQty, itemShippingCost) VALUES ('Nusell', 13, 12, 6);
INSERT INTO Product_Shipping_Stock (shopName, productID, stockQty, itemShippingCost) VALUES ('Nusell', 14, 16, 6);
INSERT INTO Product_Shipping_Stock (shopName, productID, stockQty, itemShippingCost) VALUES ('Nusell', 25, 17, 4);
INSERT INTO Product_Shipping_Stock (shopName, productID, stockQty, itemShippingCost) VALUES ('Nusell', 16, 18, 4);
INSERT INTO Product_Shipping_Stock (shopName, productID, stockQty, itemShippingCost) VALUES ('Nusell', 1, 20, 4);
INSERT INTO Product_Shipping_Stock (shopName, productID, stockQty, itemShippingCost) VALUES ('Coco Allure', 18, 10, 3);
INSERT INTO Product_Shipping_Stock (shopName, productID, stockQty, itemShippingCost) VALUES ('Coco Allure', 19, 12, 3);
INSERT INTO Product_Shipping_Stock (shopName, productID, stockQty, itemShippingCost) VALUES ('Coco Allure', 20, 13, 3);
INSERT INTO Product_Shipping_Stock (shopName, productID, stockQty, itemShippingCost) VALUES ('Coco Allure', 11, 19, 5);
INSERT INTO Product_Shipping_Stock (shopName, productID, stockQty, itemShippingCost) VALUES ('Coco Allure', 12, 67, 5);
INSERT INTO Product_Shipping_Stock (shopName, productID, stockQty, itemShippingCost) VALUES ('Coco Allure', 26, 67, 5);

-- Product_Price_History Table
INSERT INTO Product_Price_History (shopName, productID, priceStart, price, priceEnd) VALUES ('Factory Sports', 21, '2018-06-01', 331, '2018-07-02');
INSERT INTO Product_Price_History (shopName, productID, priceStart, price, priceEnd) VALUES ('Factory Sports', 21, '2018-07-03', 230, '2018-08-04');
INSERT INTO Product_Price_History (shopName, productID, priceStart, price, priceEnd) VALUES ('Factory Sports', 21, '2018-08-05', 324, '2018-12-01');
INSERT INTO Product_Price_History (shopName, productID, priceStart, price, priceEnd) VALUES ('Factory Sports', 22, '2018-06-01', 147, '2018-07-15');
INSERT INTO Product_Price_History (shopName, productID, priceStart, price, priceEnd) VALUES ('Factory Sports', 22, '2018-07-16', 399, '2018-08-06');
INSERT INTO Product_Price_History (shopName, productID, priceStart, price, priceEnd) VALUES ('Factory Sports', 22, '2018-08-07', 301, '2018-12-01');
INSERT INTO Product_Price_History (shopName, productID, priceStart, price, priceEnd) VALUES ('Factory Sports', 23, '2018-06-01', 105, '2018-07-15');
INSERT INTO Product_Price_History (shopName, productID, priceStart, price, priceEnd) VALUES ('Factory Sports', 23, '2018-07-16', 289, '2018-08-09');
INSERT INTO Product_Price_History (shopName, productID, priceStart, price, priceEnd) VALUES ('Factory Sports', 23, '2018-08-10', 252, '2018-12-01');
INSERT INTO Product_Price_History (shopName, productID, priceStart, price, priceEnd) VALUES ('Factory Sports', 24, '2018-06-01', 378, '2018-07-16');
INSERT INTO Product_Price_History (shopName, productID, priceStart, price, priceEnd) VALUES ('Factory Sports', 24, '2018-07-17', 180, '2018-08-12');
INSERT INTO Product_Price_History (shopName, productID, priceStart, price, priceEnd) VALUES ('Factory Sports', 24, '2018-08-13', 369, '2018-12-01');
INSERT INTO Product_Price_History (shopName, productID, priceStart, price, priceEnd) VALUES ('Factory Sports', 25, '2018-06-01', 274, '2018-07-26');
INSERT INTO Product_Price_History (shopName, productID, priceStart, price, priceEnd) VALUES ('Factory Sports', 25, '2018-07-27', 108, '2018-08-14');
INSERT INTO Product_Price_History (shopName, productID, priceStart, price, priceEnd) VALUES ('Factory Sports', 25, '2018-08-15', 360, '2018-12-01');
INSERT INTO Product_Price_History (shopName, productID, priceStart, price, priceEnd) VALUES ('Factory Sports', 19, '2018-06-01', 348, '2018-07-28');
INSERT INTO Product_Price_History (shopName, productID, priceStart, price, priceEnd) VALUES ('Factory Sports', 19, '2018-07-29', 219, '2018-08-14');
INSERT INTO Product_Price_History (shopName, productID, priceStart, price, priceEnd) VALUES ('Factory Sports', 19, '2018-08-15', 276, '2018-12-01');
INSERT INTO Product_Price_History (shopName, productID, priceStart, price, priceEnd) VALUES ('Commerce Electro', 1, '2018-06-01', 109, '2018-07-02');
INSERT INTO Product_Price_History (shopName, productID, priceStart, price, priceEnd) VALUES ('Commerce Electro', 1, '2018-07-03', 357, '2018-08-04');
INSERT INTO Product_Price_History (shopName, productID, priceStart, price, priceEnd) VALUES ('Commerce Electro', 1, '2018-08-05', 372, '2018-12-01');
INSERT INTO Product_Price_History (shopName, productID, priceStart, price, priceEnd) VALUES ('Commerce Electro', 2, '2018-06-01', 312, '2018-07-15');
INSERT INTO Product_Price_History (shopName, productID, priceStart, price, priceEnd) VALUES ('Commerce Electro', 2, '2018-07-16', 306, '2018-08-06');
INSERT INTO Product_Price_History (shopName, productID, priceStart, price, priceEnd) VALUES ('Commerce Electro', 2, '2018-08-07', 213, '2018-12-01');
INSERT INTO Product_Price_History (shopName, productID, priceStart, price, priceEnd) VALUES ('Commerce Electro', 3, '2018-06-01', 142, '2018-07-15');
INSERT INTO Product_Price_History (shopName, productID, priceStart, price, priceEnd) VALUES ('Commerce Electro', 3, '2018-07-16', 267, '2018-08-09');
INSERT INTO Product_Price_History (shopName, productID, priceStart, price, priceEnd) VALUES ('Commerce Electro', 3, '2018-08-10', 145, '2018-12-01');
INSERT INTO Product_Price_History (shopName, productID, priceStart, price, priceEnd) VALUES ('Commerce Electro', 4, '2018-06-01', 328, '2018-07-16');
INSERT INTO Product_Price_History (shopName, productID, priceStart, price, priceEnd) VALUES ('Commerce Electro', 4, '2018-07-17', 224, '2018-08-12');
INSERT INTO Product_Price_History (shopName, productID, priceStart, price, priceEnd) VALUES ('Commerce Electro', 4, '2018-08-13', 206, '2018-12-01');
INSERT INTO Product_Price_History (shopName, productID, priceStart, price, priceEnd) VALUES ('Commerce Electro', 5, '2018-06-01', 218, '2018-07-26');
INSERT INTO Product_Price_History (shopName, productID, priceStart, price, priceEnd) VALUES ('Commerce Electro', 5, '2018-07-27', 396, '2018-08-14');
INSERT INTO Product_Price_History (shopName, productID, priceStart, price, priceEnd) VALUES ('Commerce Electro', 5, '2018-08-15', 251, '2018-12-01');
INSERT INTO Product_Price_History (shopName, productID, priceStart, price, priceEnd) VALUES ('Commerce Electro', 13, '2018-06-01', 208,'2018-07-28');
INSERT INTO Product_Price_History (shopName, productID, priceStart, price, priceEnd) VALUES ('Commerce Electro', 13, '2018-07-29', 253,'2018-08-14');
INSERT INTO Product_Price_History (shopName, productID, priceStart, price, priceEnd) VALUES ('Commerce Electro', 13, '2018-08-15', 133,'2018-12-01');
INSERT INTO Product_Price_History (shopName, productID, priceStart, price, priceEnd) VALUES ('Commerce Electro', 14, '2018-06-01', 171, '2018-07-02');
INSERT INTO Product_Price_History (shopName, productID, priceStart, price, priceEnd) VALUES ('Commerce Electro', 14, '2018-07-03', 320, '2018-08-04');
INSERT INTO Product_Price_History (shopName, productID, priceStart, price, priceEnd) VALUES ('Commerce Electro', 14, '2018-08-05', 357, '2018-12-01');
INSERT INTO Product_Price_History (shopName, productID, priceStart, price, priceEnd) VALUES ('Cryosell', 6, '2018-06-01', 139, '2018-07-02');
INSERT INTO Product_Price_History (shopName, productID, priceStart, price, priceEnd) VALUES ('Cryosell', 6, '2018-07-03', 381, '2018-08-04');
INSERT INTO Product_Price_History (shopName, productID, priceStart, price, priceEnd) VALUES ('Cryosell', 6, '2018-08-05', 179, '2018-12-01');
INSERT INTO Product_Price_History (shopName, productID, priceStart, price, priceEnd) VALUES ('Cryosell', 7, '2018-06-01', 346, '2018-07-15');
INSERT INTO Product_Price_History (shopName, productID, priceStart, price, priceEnd) VALUES ('Cryosell', 7, '2018-07-16', 226, '2018-08-06');
INSERT INTO Product_Price_History (shopName, productID, priceStart, price, priceEnd) VALUES ('Cryosell', 7, '2018-08-07', 282, '2018-12-01');
INSERT INTO Product_Price_History (shopName, productID, priceStart, price, priceEnd) VALUES ('Cryosell', 8, '2018-06-01', 107, '2018-07-15');
INSERT INTO Product_Price_History (shopName, productID, priceStart, price, priceEnd) VALUES ('Cryosell', 8, '2018-07-16', 322, '2018-08-09');
INSERT INTO Product_Price_History (shopName, productID, priceStart, price, priceEnd) VALUES ('Cryosell', 8, '2018-08-10', 192, '2018-12-01');
INSERT INTO Product_Price_History (shopName, productID, priceStart, price, priceEnd) VALUES ('Cryosell', 9, '2018-06-01', 180, '2018-07-16');
INSERT INTO Product_Price_History (shopName, productID, priceStart, price, priceEnd) VALUES ('Cryosell', 9, '2018-07-17', 218, '2018-08-12');
INSERT INTO Product_Price_History (shopName, productID, priceStart, price, priceEnd) VALUES ('Cryosell', 9, '2018-08-13', 364, '2018-12-01');
INSERT INTO Product_Price_History (shopName, productID, priceStart, price, priceEnd) VALUES ('Cryosell', 10, '2018-06-01', 338, '2018-07-26');
INSERT INTO Product_Price_History (shopName, productID, priceStart, price, priceEnd) VALUES ('Cryosell', 10, '2018-07-27', 296, '2018-08-14');
INSERT INTO Product_Price_History (shopName, productID, priceStart, price, priceEnd) VALUES ('Cryosell', 10, '2018-08-15', 232, '2018-12-01');
INSERT INTO Product_Price_History (shopName, productID, priceStart, price, priceEnd) VALUES ('Cryosell', 4, '2018-06-01', 356,'2018-07-28');
INSERT INTO Product_Price_History (shopName, productID, priceStart, price, priceEnd) VALUES ('Cryosell', 4, '2018-07-29', 323,'2018-08-14');
INSERT INTO Product_Price_History (shopName, productID, priceStart, price, priceEnd) VALUES ('Cryosell', 4, '2018-08-15', 125,'2018-12-01');
INSERT INTO Product_Price_History (shopName, productID, priceStart, price, priceEnd) VALUES ('Cryosell', 13, '2018-06-01', 237, '2018-07-02');
INSERT INTO Product_Price_History (shopName, productID, priceStart, price, priceEnd) VALUES ('Cryosell', 13, '2018-07-03', 133, '2018-08-04');
INSERT INTO Product_Price_History (shopName, productID, priceStart, price, priceEnd) VALUES ('Cryosell', 13, '2018-08-05', 171, '2018-12-01');
INSERT INTO Product_Price_History (shopName, productID, priceStart, price, priceEnd) VALUES ('Nusell', 4, '2018-06-01', 371, '2018-07-02');
INSERT INTO Product_Price_History (shopName, productID, priceStart, price, priceEnd) VALUES ('Nusell', 4, '2018-07-03', 118, '2018-08-04');
INSERT INTO Product_Price_History (shopName, productID, priceStart, price, priceEnd) VALUES ('Nusell', 4, '2018-08-05', 279, '2018-12-01');
INSERT INTO Product_Price_History (shopName, productID, priceStart, price, priceEnd) VALUES ('Nusell', 13, '2018-06-01', 278, '2018-07-15');
INSERT INTO Product_Price_History (shopName, productID, priceStart, price, priceEnd) VALUES ('Nusell', 13, '2018-07-16', 100, '2018-08-06');
INSERT INTO Product_Price_History (shopName, productID, priceStart, price, priceEnd) VALUES ('Nusell', 13, '2018-08-07', 236, '2018-12-01');
INSERT INTO Product_Price_History (shopName, productID, priceStart, price, priceEnd) VALUES ('Nusell', 14, '2018-06-01', 266, '2018-07-15');
INSERT INTO Product_Price_History (shopName, productID, priceStart, price, priceEnd) VALUES ('Nusell', 14, '2018-07-16', 334, '2018-08-09');
INSERT INTO Product_Price_History (shopName, productID, priceStart, price, priceEnd) VALUES ('Nusell', 14, '2018-08-10', 271, '2018-12-01');
INSERT INTO Product_Price_History (shopName, productID, priceStart, price, priceEnd) VALUES ('Nusell', 25, '2018-06-01', 390, '2018-07-16');
INSERT INTO Product_Price_History (shopName, productID, priceStart, price, priceEnd) VALUES ('Nusell', 25, '2018-07-17', 393, '2018-08-12');
INSERT INTO Product_Price_History (shopName, productID, priceStart, price, priceEnd) VALUES ('Nusell', 25, '2018-08-13', 331, '2018-12-01');
INSERT INTO Product_Price_History (shopName, productID, priceStart, price, priceEnd) VALUES ('Nusell', 16, '2018-06-01', 301, '2018-07-26');
INSERT INTO Product_Price_History (shopName, productID, priceStart, price, priceEnd) VALUES ('Nusell', 16, '2018-07-27', 180, '2018-08-14');
INSERT INTO Product_Price_History (shopName, productID, priceStart, price, priceEnd) VALUES ('Nusell', 16, '2018-08-15', 312, '2018-12-01');
INSERT INTO Product_Price_History (shopName, productID, priceStart, price, priceEnd) VALUES ('Nusell', 1, '2018-06-01', 306,'2018-07-28');
INSERT INTO Product_Price_History (shopName, productID, priceStart, price, priceEnd) VALUES ('Nusell', 1, '2018-07-29', 213,'2018-08-14');
INSERT INTO Product_Price_History (shopName, productID, priceStart, price, priceEnd) VALUES ('Nusell', 1, '2018-08-15', 142,'2018-12-01');
INSERT INTO Product_Price_History (shopName, productID, priceStart, price, priceEnd) VALUES ('Coco Allure', 18, '2018-06-01', 331, '2018-07-02');
INSERT INTO Product_Price_History (shopName, productID, priceStart, price, priceEnd) VALUES ('Coco Allure', 18, '2018-07-03', 230, '2018-08-04');
INSERT INTO Product_Price_History (shopName, productID, priceStart, price, priceEnd) VALUES ('Coco Allure', 18, '2018-08-05', 324, '2018-12-01');
INSERT INTO Product_Price_History (shopName, productID, priceStart, price, priceEnd) VALUES ('Coco Allure', 19, '2018-06-01', 147, '2018-07-15');
INSERT INTO Product_Price_History (shopName, productID, priceStart, price, priceEnd) VALUES ('Coco Allure', 19, '2018-07-16', 399, '2018-08-06');
INSERT INTO Product_Price_History (shopName, productID, priceStart, price, priceEnd) VALUES ('Coco Allure', 19, '2018-08-07', 301, '2018-12-01');
INSERT INTO Product_Price_History (shopName, productID, priceStart, price, priceEnd) VALUES ('Coco Allure', 20, '2018-06-01', 105, '2018-07-15');
INSERT INTO Product_Price_History (shopName, productID, priceStart, price, priceEnd) VALUES ('Coco Allure', 20, '2018-07-16', 289, '2018-08-09');
INSERT INTO Product_Price_History (shopName, productID, priceStart, price, priceEnd) VALUES ('Coco Allure', 20, '2018-08-10', 252, '2018-12-01');
INSERT INTO Product_Price_History (shopName, productID, priceStart, price, priceEnd) VALUES ('Coco Allure', 11, '2018-06-01', 274, '2018-07-16');
INSERT INTO Product_Price_History (shopName, productID, priceStart, price, priceEnd) VALUES ('Coco Allure', 11, '2018-07-17', 108, '2018-08-12');
INSERT INTO Product_Price_History (shopName, productID, priceStart, price, priceEnd) VALUES ('Coco Allure', 11, '2018-08-13', 360, '2018-12-01');
INSERT INTO Product_Price_History (shopName, productID, priceStart, price, priceEnd) VALUES ('Coco Allure', 12, '2018-06-01', 219, '2018-07-26');
INSERT INTO Product_Price_History (shopName, productID, priceStart, price, priceEnd) VALUES ('Coco Allure', 12, '2018-07-27', 276, '2018-08-14');
INSERT INTO Product_Price_History (shopName, productID, priceStart, price, priceEnd) VALUES ('Coco Allure', 12, '2018-08-15', 378, '2018-12-01');
INSERT INTO Product_Price_History (shopName, productID, priceStart, price, priceEnd) VALUES ('Coco Allure', 26, '2018-06-01', 331, '2018-07-02');
INSERT INTO Product_Price_History (shopName, productID, priceStart, price, priceEnd) VALUES ('Coco Allure', 26, '2018-07-03', 230, '2018-08-04');
INSERT INTO Product_Price_History (shopName, productID, priceStart, price, priceEnd) VALUES ('Coco Allure', 26, '2018-08-05', 324, '2018-12-01');

-- Order Table
SET IDENTITY_INSERT [Order] ON;
INSERT INTO [Order] (orderID, orderedDate, shippingAddr, totalProductCost, totalShippingCost, userID) VALUES (1,'2018-06-02','37 S. Greystone Circle Lacey, WA 98503',1159,29,1);
INSERT INTO [Order] (orderID, orderedDate, shippingAddr, totalProductCost, totalShippingCost, userID) VALUES (2,'2018-06-05','7197 South Summer St. Beachwood, OH 44122',1322,17,2);
INSERT INTO [Order] (orderID, orderedDate, shippingAddr, totalProductCost, totalShippingCost, userID) VALUES (3,'2018-06-06','98 Redwood Dr. Woodbridge, VA 22191',1173,40,3);  
INSERT INTO [Order] (orderID, orderedDate, shippingAddr, totalProductCost, totalShippingCost, userID) VALUES (4,'2018-06-11','9021 Thomas Ave. Benton Harbor, MI 49022',914,25,4);  
INSERT INTO [Order] (orderID, orderedDate, shippingAddr, totalProductCost, totalShippingCost, userID) VALUES (5,'2018-06-15','7168 Cactus St. Summerville, SC 29483',1312,23,5);
INSERT INTO [Order] (orderID, orderedDate, shippingAddr, totalProductCost, totalShippingCost, userID) VALUES (6,'2018-06-18','6 Bay Rd. Derby, KS 67037',984,13,1);
INSERT INTO [Order] (orderID, orderedDate, shippingAddr, totalProductCost, totalShippingCost, userID) VALUES (7,'2018-06-20','9373 Pacific Avenue Zanesville, OH 43701',1075,10,2);
INSERT INTO [Order] (orderID, orderedDate, shippingAddr, totalProductCost, totalShippingCost, userID) VALUES (8,'2018-06-22','9877 Wellington Street Macungie, PA 18062',1161,40,3);
INSERT INTO [Order] (orderID, orderedDate, shippingAddr, totalProductCost, totalShippingCost, userID) VALUES (9,'2018-06-25','48 N. Brook Dr. Woodside, NY 11377',1423,28,4);
INSERT INTO [Order] (orderID, orderedDate, shippingAddr, totalProductCost, totalShippingCost, userID) VALUES (10,'2018-06-26','88 Constitution St. Addison, IL 60101',1202,32,5);
INSERT INTO [Order] (orderID, orderedDate, shippingAddr, totalProductCost, totalShippingCost, userID) VALUES (11,'2018-06-12','85 Cherry Drive Seattle, WA 98144',1211,27,1);
INSERT INTO [Order] (orderID, orderedDate, shippingAddr, totalProductCost, totalShippingCost, userID) VALUES (12,'2018-06-13','8630 New Lane Gwynn Oak, MD 21207',1704,34,2);
INSERT INTO [Order] (orderID, orderedDate, shippingAddr, totalProductCost, totalShippingCost, userID) VALUES (13,'2018-06-17','99 South Front Lane Huntington Station, NY 11746',843,17,3);
INSERT INTO [Order] (orderID, orderedDate, shippingAddr, totalProductCost, totalShippingCost, userID) VALUES (14,'2018-06-18','74 Winchester Street Reisterstown, MD 21136',1293,35,4);
INSERT INTO [Order] (orderID, orderedDate, shippingAddr, totalProductCost, totalShippingCost, userID) VALUES (15,'2018-06-19','303 Fairground Street Rocky Mount, NC 27804',1451,21,5);
INSERT INTO [Order] (orderID, orderedDate, shippingAddr, totalProductCost, totalShippingCost, userID) VALUES (16,'2018-06-20','37 S. Greystone Circle Lacey, WA 98503',289,8,1);
INSERT INTO [Order] (orderID, orderedDate, shippingAddr, totalProductCost, totalShippingCost, userID) VALUES (17,'2018-06-20','7197 South Summer St. Beachwood, OH 44122',289,8,2);
INSERT INTO [Order] (orderID, orderedDate, shippingAddr, totalProductCost, totalShippingCost, userID) VALUES (18,'2018-06-20','98 Redwood Dr. Woodbridge, VA 22191',289,8,3);
INSERT INTO [Order] (orderID, orderedDate, shippingAddr, totalProductCost, totalShippingCost, userID) VALUES (19,'2018-06-20','9021 Thomas Ave. Benton Harbor, MI 49022',289,8,4);
INSERT INTO [Order] (orderID, orderedDate, shippingAddr, totalProductCost, totalShippingCost, userID) VALUES (20,'2018-06-20','7168 Cactus St. Summerville, SC 29483',289,8,5);
INSERT INTO [Order] (orderID, orderedDate, shippingAddr, totalProductCost, totalShippingCost, userID) VALUES (21,'2018-06-20','6 Bay Rd. Derby, KS 67037',289,8,6);
INSERT INTO [Order] (orderID, orderedDate, shippingAddr, totalProductCost, totalShippingCost, userID) VALUES (22,'2018-06-20','9373 Pacific Avenue Zanesville, OH 43701',289,8,7);
INSERT INTO [Order] (orderID, orderedDate, shippingAddr, totalProductCost, totalShippingCost, userID) VALUES (23,'2018-06-20','9877 Wellington Street Macungie, PA 18062',289,8,8);
INSERT INTO [Order] (orderID, orderedDate, shippingAddr, totalProductCost, totalShippingCost, userID) VALUES (24,'2018-06-20','48 N. Brook Dr. Woodside, NY 11377',289,8,9);
INSERT INTO [Order] (orderID, orderedDate, shippingAddr, totalProductCost, totalShippingCost, userID) VALUES (25,'2018-06-20','88 Constitution St. Addison, IL 60101',289,8,10);
INSERT INTO [Order] (orderID, orderedDate, shippingAddr, totalProductCost, totalShippingCost, userID) VALUES (26,'2018-06-20','85 Cherry Drive Seattle, WA 98144',289,8,1);
INSERT INTO [Order] (orderID, orderedDate, shippingAddr, totalProductCost, totalShippingCost, userID) VALUES (27,'2018-06-20','8630 New Lane Gwynn Oak, MD 21207',289,8,2);
INSERT INTO [Order] (orderID, orderedDate, shippingAddr, totalProductCost, totalShippingCost, userID) VALUES (28,'2018-06-20','99 South Front Lane Huntington Station, NY 11746',289,8,3);
INSERT INTO [Order] (orderID, orderedDate, shippingAddr, totalProductCost, totalShippingCost, userID) VALUES (29,'2018-06-20','74 Winchester Street Reisterstown, MD 21136',289,8,4);
INSERT INTO [Order] (orderID, orderedDate, shippingAddr, totalProductCost, totalShippingCost, userID) VALUES (30,'2018-06-24','303 Fairground Street Rocky Mount, NC 27804',147,3,5);
INSERT INTO [Order] (orderID, orderedDate, shippingAddr, totalProductCost, totalShippingCost, userID) VALUES (31,'2018-06-25','37 S. Greystone Circle Lacey, WA 98503',147,3,6);
INSERT INTO [Order] (orderID, orderedDate, shippingAddr, totalProductCost, totalShippingCost, userID) VALUES (32,'2018-06-26','7197 South Summer St. Beachwood, OH 44122',147,3,7);
INSERT INTO [Order] (orderID, orderedDate, shippingAddr, totalProductCost, totalShippingCost, userID) VALUES (33,'2018-06-27','98 Redwood Dr. Woodbridge, VA 22191',147,3,8);
INSERT INTO [Order] (orderID, orderedDate, shippingAddr, totalProductCost, totalShippingCost, userID) VALUES (34,'2018-06-28','9021 Thomas Ave. Benton Harbor, MI 49022',147,3,9);
INSERT INTO [Order] (orderID, orderedDate, shippingAddr, totalProductCost, totalShippingCost, userID) VALUES (35,'2018-06-29','7168 Cactus St. Summerville, SC 29483',147,3,10);
INSERT INTO [Order] (orderID, orderedDate, shippingAddr, totalProductCost, totalShippingCost, userID) VALUES (36,'2018-07-01','6 Bay Rd. Derby, KS 67037',289,8,1);
INSERT INTO [Order] (orderID, orderedDate, shippingAddr, totalProductCost, totalShippingCost, userID) VALUES (37,'2018-07-02','9373 Pacific Avenue Zanesville, OH 43701',289,8,2);
INSERT INTO [Order] (orderID, orderedDate, shippingAddr, totalProductCost, totalShippingCost, userID) VALUES (38,'2018-07-03','9877 Wellington Street Macungie, PA 18062',289,8,3);
INSERT INTO [Order] (orderID, orderedDate, shippingAddr, totalProductCost, totalShippingCost, userID) VALUES (39,'2018-07-04','48 N. Brook Dr. Woodside, NY 11377',289,8,4);
INSERT INTO [Order] (orderID, orderedDate, shippingAddr, totalProductCost, totalShippingCost, userID) VALUES (40,'2018-07-05','88 Constitution St. Addison, IL 60101',289,8,5);
INSERT INTO [Order] (orderID, orderedDate, shippingAddr, totalProductCost, totalShippingCost, userID) VALUES (41,'2018-07-06','85 Cherry Drive Seattle, WA 98144',289,8,6);
INSERT INTO [Order] (orderID, orderedDate, shippingAddr, totalProductCost, totalShippingCost, userID) VALUES (42,'2018-07-07','8630 New Lane Gwynn Oak, MD 21207',289,8,7);
INSERT INTO [Order] (orderID, orderedDate, shippingAddr, totalProductCost, totalShippingCost, userID) VALUES (43,'2018-07-08','99 South Front Lane Huntington Station, NY 11746',289,8,8);
INSERT INTO [Order] (orderID, orderedDate, shippingAddr, totalProductCost, totalShippingCost, userID) VALUES (44,'2018-07-09','74 Winchester Street Reisterstown, MD 21136',289,8,9);
INSERT INTO [Order] (orderID, orderedDate, shippingAddr, totalProductCost, totalShippingCost, userID) VALUES (45,'2018-07-10','303 Fairground Street Rocky Mount, NC 27804',289,8,10);
INSERT INTO [Order] (orderID, orderedDate, shippingAddr, totalProductCost, totalShippingCost, userID) VALUES (46,'2018-07-11','37 S. Greystone Circle Lacey, WA 98503',289,8,1);
INSERT INTO [Order] (orderID, orderedDate, shippingAddr, totalProductCost, totalShippingCost, userID) VALUES (47,'2018-07-11','7197 South Summer St. Beachwood, OH 44122',289,8,2);
INSERT INTO [Order] (orderID, orderedDate, shippingAddr, totalProductCost, totalShippingCost, userID) VALUES (48,'2018-07-11','98 Redwood Dr. Woodbridge, VA 22191',289,8,3);
INSERT INTO [Order] (orderID, orderedDate, shippingAddr, totalProductCost, totalShippingCost, userID) VALUES (49,'2018-07-11','9021 Thomas Ave. Benton Harbor, MI 49022',289,8,4);
INSERT INTO [Order] (orderID, orderedDate, shippingAddr, totalProductCost, totalShippingCost, userID) VALUES (50,'2018-07-11','7168 Cactus St. Summerville, SC 29483',289,8,5);
INSERT INTO [Order] (orderID, orderedDate, shippingAddr, totalProductCost, totalShippingCost, userID) VALUES (51,'2018-07-11','6 Bay Rd. Derby, KS 67037',289,8,6);
INSERT INTO [Order] (orderID, orderedDate, shippingAddr, totalProductCost, totalShippingCost, userID) VALUES (52,'2018-07-11','9373 Pacific Avenue Zanesville, OH 43701',289,8,7);
INSERT INTO [Order] (orderID, orderedDate, shippingAddr, totalProductCost, totalShippingCost, userID) VALUES (53,'2018-07-11','9877 Wellington Street Macungie, PA 18062',289,8,8);
INSERT INTO [Order] (orderID, orderedDate, shippingAddr, totalProductCost, totalShippingCost, userID) VALUES (54,'2018-07-11','48 N. Brook Dr. Woodside, NY 11377',289,8,9);
INSERT INTO [Order] (orderID, orderedDate, shippingAddr, totalProductCost, totalShippingCost, userID) VALUES (55,'2018-07-11','88 Constitution St. Addison, IL 60101',289,8,10);
INSERT INTO [Order] (orderID, orderedDate, shippingAddr, totalProductCost, totalShippingCost, userID) VALUES (56,'2018-07-11','85 Cherry Drive Seattle, WA 98144',493,13,11);
INSERT INTO [Order] (orderID, orderedDate, shippingAddr, totalProductCost, totalShippingCost, userID) VALUES (57,'2018-07-11','8630 New Lane Gwynn Oak, MD 21207',493,13,12);
INSERT INTO [Order] (orderID, orderedDate, shippingAddr, totalProductCost, totalShippingCost, userID) VALUES (58,'2018-07-11','99 South Front Lane Huntington Station, NY 11746',493,13,13);
INSERT INTO [Order] (orderID, orderedDate, shippingAddr, totalProductCost, totalShippingCost, userID) VALUES (59,'2018-07-11','74 Winchester Street Reisterstown, MD 21136',493,13,14);
INSERT INTO [Order] (orderID, orderedDate, shippingAddr, totalProductCost, totalShippingCost, userID) VALUES (60,'2018-07-11','303 Fairground Street Rocky Mount, NC 27804',493,13,15);
INSERT INTO [Order] (orderID, orderedDate, shippingAddr, totalProductCost, totalShippingCost, userID) VALUES (61,'2018-07-12','37 S. Greystone Circle Lacey, WA 98503',635,18,1);
INSERT INTO [Order] (orderID, orderedDate, shippingAddr, totalProductCost, totalShippingCost, userID) VALUES (62,'2018-07-12','7197 South Summer St. Beachwood, OH 44122',635,18,2);
INSERT INTO [Order] (orderID, orderedDate, shippingAddr, totalProductCost, totalShippingCost, userID) VALUES (63,'2018-07-12','98 Redwood Dr. Woodbridge, VA 22191',635,18,3);
INSERT INTO [Order] (orderID, orderedDate, shippingAddr, totalProductCost, totalShippingCost, userID) VALUES (64,'2018-07-12','9021 Thomas Ave. Benton Harbor, MI 49022',635,18,4);
INSERT INTO [Order] (orderID, orderedDate, shippingAddr, totalProductCost, totalShippingCost, userID) VALUES (65,'2018-07-12','7168 Cactus St. Summerville, SC 29483',635,18,5);
INSERT INTO [Order] (orderID, orderedDate, shippingAddr, totalProductCost, totalShippingCost, userID) VALUES (66,'2018-07-12','6 Bay Rd. Derby, KS 67037',635,18,6);
INSERT INTO [Order] (orderID, orderedDate, shippingAddr, totalProductCost, totalShippingCost, userID) VALUES (67,'2018-07-13','9373 Pacific Avenue Zanesville, OH 43701',635,18,7);
INSERT INTO [Order] (orderID, orderedDate, shippingAddr, totalProductCost, totalShippingCost, userID) VALUES (68,'2018-07-13','9877 Wellington Street Macungie, PA 18062',635,18,8);
INSERT INTO [Order] (orderID, orderedDate, shippingAddr, totalProductCost, totalShippingCost, userID) VALUES (69,'2018-07-13','48 N. Brook Dr. Woodside, NY 11377',635,18,9);
INSERT INTO [Order] (orderID, orderedDate, shippingAddr, totalProductCost, totalShippingCost, userID) VALUES (70,'2018-07-13','88 Constitution St. Addison, IL 60101',635,18,10);
INSERT INTO [Order] (orderID, orderedDate, shippingAddr, totalProductCost, totalShippingCost, userID) VALUES (71,'2018-07-13','85 Cherry Drive Seattle, WA 98144',635,18,11);
INSERT INTO [Order] (orderID, orderedDate, shippingAddr, totalProductCost, totalShippingCost, userID) VALUES (72,'2018-07-13','8630 New Lane Gwynn Oak, MD 21207',635,18,12);
INSERT INTO [Order] (orderID, orderedDate, shippingAddr, totalProductCost, totalShippingCost, userID) VALUES (73,'2018-07-14','99 South Front Lane Huntington Station, NY 11746',635,18,13);
INSERT INTO [Order] (orderID, orderedDate, shippingAddr, totalProductCost, totalShippingCost, userID) VALUES (74,'2018-07-14','74 Winchester Street Reisterstown, MD 21136',635,18,14);
INSERT INTO [Order] (orderID, orderedDate, shippingAddr, totalProductCost, totalShippingCost, userID) VALUES (75,'2018-07-14','303 Fairground Street Rocky Mount, NC 27804',635,18,15);
INSERT INTO [Order] (orderID, orderedDate, shippingAddr, totalProductCost, totalShippingCost, userID) VALUES (76,'2018-07-15','37 S. Greystone Circle Lacey, WA 98503',493,13,1);
INSERT INTO [Order] (orderID, orderedDate, shippingAddr, totalProductCost, totalShippingCost, userID) VALUES (77,'2018-07-15','7197 South Summer St. Beachwood, OH 44122',493,13,2);
INSERT INTO [Order] (orderID, orderedDate, shippingAddr, totalProductCost, totalShippingCost, userID) VALUES (78,'2018-07-15','98 Redwood Dr. Woodbridge, VA 22191',493,13,3);
INSERT INTO [Order] (orderID, orderedDate, shippingAddr, totalProductCost, totalShippingCost, userID) VALUES (79,'2018-07-15','9021 Thomas Ave. Benton Harbor, MI 49022',493,13,4);
INSERT INTO [Order] (orderID, orderedDate, shippingAddr, totalProductCost, totalShippingCost, userID) VALUES (80,'2018-07-15','7168 Cactus St. Summerville, SC 29483',493,13,5);
INSERT INTO [Order] (orderID, orderedDate, shippingAddr, totalProductCost, totalShippingCost, userID) VALUES (81,'2018-07-15','6 Bay Rd. Derby, KS 67037',493,13,6);
INSERT INTO [Order] (orderID, orderedDate, shippingAddr, totalProductCost, totalShippingCost, userID) VALUES (82,'2018-07-15','9373 Pacific Avenue Zanesville, OH 43701',493,13,7);
INSERT INTO [Order] (orderID, orderedDate, shippingAddr, totalProductCost, totalShippingCost, userID) VALUES (83,'2018-07-15','9877 Wellington Street Macungie, PA 18062',493,13,8);
INSERT INTO [Order] (orderID, orderedDate, shippingAddr, totalProductCost, totalShippingCost, userID) VALUES (84,'2018-07-15','48 N. Brook Dr. Woodside, NY 11377',493,13,9);
INSERT INTO [Order] (orderID, orderedDate, shippingAddr, totalProductCost, totalShippingCost, userID) VALUES (85,'2018-07-15','88 Constitution St. Addison, IL 60101',493,13,10);
INSERT INTO [Order] (orderID, orderedDate, shippingAddr, totalProductCost, totalShippingCost, userID) VALUES (86,'2018-07-15','85 Cherry Drive Seattle, WA 98144',493,13,11);
INSERT INTO [Order] (orderID, orderedDate, shippingAddr, totalProductCost, totalShippingCost, userID) VALUES (87,'2018-07-15','8630 New Lane Gwynn Oak, MD 21207',493,13,12);
INSERT INTO [Order] (orderID, orderedDate, shippingAddr, totalProductCost, totalShippingCost, userID) VALUES (88,'2018-07-15','99 South Front Lane Huntington Station, NY 11746',493,13,13);
INSERT INTO [Order] (orderID, orderedDate, shippingAddr, totalProductCost, totalShippingCost, userID) VALUES (89,'2018-07-15','74 Winchester Street Reisterstown, MD 21136',493,13,14);
INSERT INTO [Order] (orderID, orderedDate, shippingAddr, totalProductCost, totalShippingCost, userID) VALUES (90,'2018-07-15','303 Fairground Street Rocky Mount, NC 27804',493,13,15);
INSERT INTO [Order] (orderID, orderedDate, shippingAddr, totalProductCost, totalShippingCost, userID) VALUES (91,'2018-07-16','37 S. Greystone Circle Lacey, WA 98503',493,15,1);
INSERT INTO [Order] (orderID, orderedDate, shippingAddr, totalProductCost, totalShippingCost, userID) VALUES (92,'2018-07-16','7197 South Summer St. Beachwood, OH 44122',493,15,2);
INSERT INTO [Order] (orderID, orderedDate, shippingAddr, totalProductCost, totalShippingCost, userID) VALUES (93,'2018-07-16','98 Redwood Dr. Woodbridge, VA 22191',493,15,3);
INSERT INTO [Order] (orderID, orderedDate, shippingAddr, totalProductCost, totalShippingCost, userID) VALUES (94,'2018-07-16','9021 Thomas Ave. Benton Harbor, MI 49022',493,15,4);
INSERT INTO [Order] (orderID, orderedDate, shippingAddr, totalProductCost, totalShippingCost, userID) VALUES (95,'2018-07-16','7168 Cactus St. Summerville, SC 29483',493,15,5);
INSERT INTO [Order] (orderID, orderedDate, shippingAddr, totalProductCost, totalShippingCost, userID) VALUES (96,'2018-07-16','6 Bay Rd. Derby, KS 67037',493,15,6);
INSERT INTO [Order] (orderID, orderedDate, shippingAddr, totalProductCost, totalShippingCost, userID) VALUES (97,'2018-07-16','9373 Pacific Avenue Zanesville, OH 43701',493,15,7);
INSERT INTO [Order] (orderID, orderedDate, shippingAddr, totalProductCost, totalShippingCost, userID) VALUES (98,'2018-07-16','9877 Wellington Street Macungie, PA 18062',493,15,8);
INSERT INTO [Order] (orderID, orderedDate, shippingAddr, totalProductCost, totalShippingCost, userID) VALUES (99,'2018-07-16','48 N. Brook Dr. Woodside, NY 11377',493,15,9);
INSERT INTO [Order] (orderID, orderedDate, shippingAddr, totalProductCost, totalShippingCost, userID) VALUES (100,'2018-07-16','88 Constitution St. Addison, IL 60101',493,15,10);
INSERT INTO [Order] (orderID, orderedDate, shippingAddr, totalProductCost, totalShippingCost, userID) VALUES (101,'2018-07-16','85 Cherry Drive Seattle, WA 98144',493,15,11);
INSERT INTO [Order] (orderID, orderedDate, shippingAddr, totalProductCost, totalShippingCost, userID) VALUES (102,'2018-07-16','8630 New Lane Gwynn Oak, MD 21207',493,15,12);
INSERT INTO [Order] (orderID, orderedDate, shippingAddr, totalProductCost, totalShippingCost, userID) VALUES (103,'2018-07-16','99 South Front Lane Huntington Station, NY 11746',493,15,13);
INSERT INTO [Order] (orderID, orderedDate, shippingAddr, totalProductCost, totalShippingCost, userID) VALUES (104,'2018-07-16','74 Winchester Street Reisterstown, MD 21136',493,15,14);
INSERT INTO [Order] (orderID, orderedDate, shippingAddr, totalProductCost, totalShippingCost, userID) VALUES (105,'2018-07-16','303 Fairground Street Rocky Mount, NC 27804',493,15,15);
INSERT INTO [Order] (orderID, orderedDate, shippingAddr, totalProductCost, totalShippingCost, userID) VALUES (106,'2018-07-17','37 S. Greystone Circle Lacey, WA 98503',625,13,1);
INSERT INTO [Order] (orderID, orderedDate, shippingAddr, totalProductCost, totalShippingCost, userID) VALUES (107,'2018-07-17','7197 South Summer St. Beachwood, OH 44122',625,13,2);
INSERT INTO [Order] (orderID, orderedDate, shippingAddr, totalProductCost, totalShippingCost, userID) VALUES (108,'2018-07-17','98 Redwood Dr. Woodbridge, VA 22191',625,13,3);
INSERT INTO [Order] (orderID, orderedDate, shippingAddr, totalProductCost, totalShippingCost, userID) VALUES (109,'2018-07-17','9021 Thomas Ave. Benton Harbor, MI 49022',625,13,4);
INSERT INTO [Order] (orderID, orderedDate, shippingAddr, totalProductCost, totalShippingCost, userID) VALUES (110,'2018-07-17','7168 Cactus St. Summerville, SC 29483',625,13,5);
INSERT INTO [Order] (orderID, orderedDate, shippingAddr, totalProductCost, totalShippingCost, userID) VALUES (111,'2018-07-17','6 Bay Rd. Derby, KS 67037',625,13,6);
INSERT INTO [Order] (orderID, orderedDate, shippingAddr, totalProductCost, totalShippingCost, userID) VALUES (112,'2018-07-17','9373 Pacific Avenue Zanesville, OH 43701',625,13,7);
INSERT INTO [Order] (orderID, orderedDate, shippingAddr, totalProductCost, totalShippingCost, userID) VALUES (113,'2018-07-17','9877 Wellington Street Macungie, PA 18062',625,13,8);
INSERT INTO [Order] (orderID, orderedDate, shippingAddr, totalProductCost, totalShippingCost, userID) VALUES (114,'2018-07-17','48 N. Brook Dr. Woodside, NY 11377',625,13,9);
INSERT INTO [Order] (orderID, orderedDate, shippingAddr, totalProductCost, totalShippingCost, userID) VALUES (115,'2018-07-17','88 Constitution St. Addison, IL 60101',625,13,10);
INSERT INTO [Order] (orderID, orderedDate, shippingAddr, totalProductCost, totalShippingCost, userID) VALUES (116,'2018-07-17','85 Cherry Drive Seattle, WA 98144',625,13,11);
INSERT INTO [Order] (orderID, orderedDate, shippingAddr, totalProductCost, totalShippingCost, userID) VALUES (117,'2018-07-17','8630 New Lane Gwynn Oak, MD 21207',625,13,12);
INSERT INTO [Order] (orderID, orderedDate, shippingAddr, totalProductCost, totalShippingCost, userID) VALUES (118,'2018-07-17','99 South Front Lane Huntington Station, NY 11746',625,13,13);
INSERT INTO [Order] (orderID, orderedDate, shippingAddr, totalProductCost, totalShippingCost, userID) VALUES (119,'2018-07-17','74 Winchester Street Reisterstown, MD 21136',625,13,14);
INSERT INTO [Order] (orderID, orderedDate, shippingAddr, totalProductCost, totalShippingCost, userID) VALUES (120,'2018-07-17','303 Fairground Street Rocky Mount, NC 27804',625,13,15);
INSERT INTO [Order] (orderID, orderedDate, shippingAddr, totalProductCost, totalShippingCost, userID) VALUES (121,'2018-07-20','37 S. Greystone Circle Lacey, WA 98503',666,8,1);
INSERT INTO [Order] (orderID, orderedDate, shippingAddr, totalProductCost, totalShippingCost, userID) VALUES (122,'2018-07-20','7197 South Summer St. Beachwood, OH 44122',666,8,2);
INSERT INTO [Order] (orderID, orderedDate, shippingAddr, totalProductCost, totalShippingCost, userID) VALUES (123,'2018-07-21','98 Redwood Dr. Woodbridge, VA 22191',666,8,3);
INSERT INTO [Order] (orderID, orderedDate, shippingAddr, totalProductCost, totalShippingCost, userID) VALUES (124,'2018-07-21','9021 Thomas Ave. Benton Harbor, MI 49022',666,8,4);
INSERT INTO [Order] (orderID, orderedDate, shippingAddr, totalProductCost, totalShippingCost, userID) VALUES (125,'2018-07-22','7168 Cactus St. Summerville, SC 29483',666,8,5);
INSERT INTO [Order] (orderID, orderedDate, shippingAddr, totalProductCost, totalShippingCost, userID) VALUES (126,'2018-07-22','6 Bay Rd. Derby, KS 67037',666,8,6);
INSERT INTO [Order] (orderID, orderedDate, shippingAddr, totalProductCost, totalShippingCost, userID) VALUES (127,'2018-07-23','9373 Pacific Avenue Zanesville, OH 43701',666,8,7);
INSERT INTO [Order] (orderID, orderedDate, shippingAddr, totalProductCost, totalShippingCost, userID) VALUES (128,'2018-07-23','9877 Wellington Street Macungie, PA 18062',666,8,8);
INSERT INTO [Order] (orderID, orderedDate, shippingAddr, totalProductCost, totalShippingCost, userID) VALUES (129,'2018-07-24','48 N. Brook Dr. Woodside, NY 11377',666,8,9);
INSERT INTO [Order] (orderID, orderedDate, shippingAddr, totalProductCost, totalShippingCost, userID) VALUES (130,'2018-07-24','88 Constitution St. Addison, IL 60101',666,8,10);
INSERT INTO [Order] (orderID, orderedDate, shippingAddr, totalProductCost, totalShippingCost, userID) VALUES (131,'2018-07-25','85 Cherry Drive Seattle, WA 98144',666,8,11);
INSERT INTO [Order] (orderID, orderedDate, shippingAddr, totalProductCost, totalShippingCost, userID) VALUES (132,'2018-07-25','8630 New Lane Gwynn Oak, MD 21207',666,8,12);
INSERT INTO [Order] (orderID, orderedDate, shippingAddr, totalProductCost, totalShippingCost, userID) VALUES (133,'2018-07-26','99 South Front Lane Huntington Station, NY 11746',666,8,13);
INSERT INTO [Order] (orderID, orderedDate, shippingAddr, totalProductCost, totalShippingCost, userID) VALUES (134,'2018-07-26','74 Winchester Street Reisterstown, MD 21136',666,8,14);
INSERT INTO [Order] (orderID, orderedDate, shippingAddr, totalProductCost, totalShippingCost, userID) VALUES (135,'2018-07-27','303 Fairground Street Rocky Mount, NC 27804',666,8,15);
INSERT INTO [Order] (orderID, orderedDate, shippingAddr, totalProductCost, totalShippingCost, userID) VALUES (136,'2018-07-28','37 S. Greystone Circle Lacey, WA 98503',118,6,1);
INSERT INTO [Order] (orderID, orderedDate, shippingAddr, totalProductCost, totalShippingCost, userID) VALUES (137,'2018-07-28','7197 South Summer St. Beachwood, OH 44122',226,10,2);
INSERT INTO [Order] (orderID, orderedDate, shippingAddr, totalProductCost, totalShippingCost, userID) VALUES (138,'2018-07-28','98 Redwood Dr. Woodbridge, VA 22191',208,4,3);
INSERT INTO [Order] (orderID, orderedDate, shippingAddr, totalProductCost, totalShippingCost, userID) VALUES (139,'2018-07-28','9021 Thomas Ave. Benton Harbor, MI 49022',230,0,4);
INSERT INTO [Order] (orderID, orderedDate, shippingAddr, totalProductCost, totalShippingCost, userID) VALUES (140,'2018-07-28','7168 Cactus St. Summerville, SC 29483',357,5,5);
INSERT INTO [Order] (orderID, orderedDate, shippingAddr, totalProductCost, totalShippingCost, userID) VALUES (141,'2018-07-28','6 Bay Rd. Derby, KS 67037',118,6,6);
INSERT INTO [Order] (orderID, orderedDate, shippingAddr, totalProductCost, totalShippingCost, userID) VALUES (142,'2018-07-28','9373 Pacific Avenue Zanesville, OH 43701',226,10,7);
INSERT INTO [Order] (orderID, orderedDate, shippingAddr, totalProductCost, totalShippingCost, userID) VALUES (143,'2018-07-28','9877 Wellington Street Macungie, PA 18062',208,4,8);
INSERT INTO [Order] (orderID, orderedDate, shippingAddr, totalProductCost, totalShippingCost, userID) VALUES (144,'2018-07-28','48 N. Brook Dr. Woodside, NY 11377',230,0,9);
INSERT INTO [Order] (orderID, orderedDate, shippingAddr, totalProductCost, totalShippingCost, userID) VALUES (145,'2018-07-28','88 Constitution St. Addison, IL 60101',357,5,10);
INSERT INTO [Order] (orderID, orderedDate, shippingAddr, totalProductCost, totalShippingCost, userID) VALUES (146,'2018-07-28','85 Cherry Drive Seattle, WA 98144',118,6,11);
INSERT INTO [Order] (orderID, orderedDate, shippingAddr, totalProductCost, totalShippingCost, userID) VALUES (147,'2018-07-28','8630 New Lane Gwynn Oak, MD 21207',226,10,12);
INSERT INTO [Order] (orderID, orderedDate, shippingAddr, totalProductCost, totalShippingCost, userID) VALUES (148,'2018-07-28','99 South Front Lane Huntington Station, NY 11746',208,4,13);
INSERT INTO [Order] (orderID, orderedDate, shippingAddr, totalProductCost, totalShippingCost, userID) VALUES (149,'2018-07-28','74 Winchester Street Reisterstown, MD 21136',230,0,14);
INSERT INTO [Order] (orderID, orderedDate, shippingAddr, totalProductCost, totalShippingCost, userID) VALUES (150,'2018-07-28','303 Fairground Street Rocky Mount, NC 27804',357,5,15);
INSERT INTO [Order] (orderID, orderedDate, shippingAddr, totalProductCost, totalShippingCost, userID) VALUES (151,'2018-08-04','37 S. Greystone Circle Lacey, WA 98503',267,5,1);
INSERT INTO [Order] (orderID, orderedDate, shippingAddr, totalProductCost, totalShippingCost, userID) VALUES (152,'2018-08-04','7197 South Summer St. Beachwood, OH 44122',267,5,2);
INSERT INTO [Order] (orderID, orderedDate, shippingAddr, totalProductCost, totalShippingCost, userID) VALUES (153,'2018-08-04','98 Redwood Dr. Woodbridge, VA 22191',267,5,3);
INSERT INTO [Order] (orderID, orderedDate, shippingAddr, totalProductCost, totalShippingCost, userID) VALUES (154,'2018-08-04','9021 Thomas Ave. Benton Harbor, MI 49022',267,5,4);
INSERT INTO [Order] (orderID, orderedDate, shippingAddr, totalProductCost, totalShippingCost, userID) VALUES (155,'2018-08-04','7168 Cactus St. Summerville, SC 29483',267,5,5);
INSERT INTO [Order] (orderID, orderedDate, shippingAddr, totalProductCost, totalShippingCost, userID) VALUES (156,'2018-08-04','6 Bay Rd. Derby, KS 67037',267,5,6);
INSERT INTO [Order] (orderID, orderedDate, shippingAddr, totalProductCost, totalShippingCost, userID) VALUES (157,'2018-08-04','9373 Pacific Avenue Zanesville, OH 43701',267,5,7);
INSERT INTO [Order] (orderID, orderedDate, shippingAddr, totalProductCost, totalShippingCost, userID) VALUES (158,'2018-08-04','9877 Wellington Street Macungie, PA 18062',267,5,8);
INSERT INTO [Order] (orderID, orderedDate, shippingAddr, totalProductCost, totalShippingCost, userID) VALUES (159,'2018-08-04','48 N. Brook Dr. Woodside, NY 11377',267,5,9);
INSERT INTO [Order] (orderID, orderedDate, shippingAddr, totalProductCost, totalShippingCost, userID) VALUES (160,'2018-08-04','88 Constitution St. Addison, IL 60101',267,5,10);
INSERT INTO [Order] (orderID, orderedDate, shippingAddr, totalProductCost, totalShippingCost, userID) VALUES (161,'2018-08-04','85 Cherry Drive Seattle, WA 98144',267,5,11);
INSERT INTO [Order] (orderID, orderedDate, shippingAddr, totalProductCost, totalShippingCost, userID) VALUES (162,'2018-08-04','8630 New Lane Gwynn Oak, MD 21207',267,5,12);
INSERT INTO [Order] (orderID, orderedDate, shippingAddr, totalProductCost, totalShippingCost, userID) VALUES (163,'2018-08-04','99 South Front Lane Huntington Station, NY 11746',267,5,13);
INSERT INTO [Order] (orderID, orderedDate, shippingAddr, totalProductCost, totalShippingCost, userID) VALUES (164,'2018-08-04','74 Winchester Street Reisterstown, MD 21136',267,5,14);
INSERT INTO [Order] (orderID, orderedDate, shippingAddr, totalProductCost, totalShippingCost, userID) VALUES (165,'2018-08-04','303 Fairground Street Rocky Mount, NC 27804',267,5,15);
INSERT INTO [Order] (orderID, orderedDate, shippingAddr, totalProductCost, totalShippingCost, userID) VALUES (166,'2018-08-08','37 S. Greystone Circle Lacey, WA 98503',495,15,1);
INSERT INTO [Order] (orderID, orderedDate, shippingAddr, totalProductCost, totalShippingCost, userID) VALUES (167,'2018-08-08','7197 South Summer St. Beachwood, OH 44122',583,10,2);
INSERT INTO [Order] (orderID, orderedDate, shippingAddr, totalProductCost, totalShippingCost, userID) VALUES (168,'2018-08-08','98 Redwood Dr. Woodbridge, VA 22191',180,0,3);
INSERT INTO [Order] (orderID, orderedDate, shippingAddr, totalProductCost, totalShippingCost, userID) VALUES (169,'2018-08-08','9021 Thomas Ave. Benton Harbor, MI 49022',461,20,4);
INSERT INTO [Order] (orderID, orderedDate, shippingAddr, totalProductCost, totalShippingCost, userID) VALUES (170,'2018-08-08','7168 Cactus St. Summerville, SC 29483',604,25,5);
INSERT INTO [Order] (orderID, orderedDate, shippingAddr, totalProductCost, totalShippingCost, userID) VALUES (171,'2018-08-08','6 Bay Rd. Derby, KS 67037',495,15,6);
INSERT INTO [Order] (orderID, orderedDate, shippingAddr, totalProductCost, totalShippingCost, userID) VALUES (172,'2018-08-08','9373 Pacific Avenue Zanesville, OH 43701',583,10,7);
INSERT INTO [Order] (orderID, orderedDate, shippingAddr, totalProductCost, totalShippingCost, userID) VALUES (173,'2018-08-08','9877 Wellington Street Macungie, PA 18062',462,10,8);
INSERT INTO [Order] (orderID, orderedDate, shippingAddr, totalProductCost, totalShippingCost, userID) VALUES (174,'2018-08-08','48 N. Brook Dr. Woodside, NY 11377',461,20,9);
INSERT INTO [Order] (orderID, orderedDate, shippingAddr, totalProductCost, totalShippingCost, userID) VALUES (175,'2018-08-08','88 Constitution St. Addison, IL 60101',604,25,10);
INSERT INTO [Order] (orderID, orderedDate, shippingAddr, totalProductCost, totalShippingCost, userID) VALUES (176,'2018-08-08','85 Cherry Drive Seattle, WA 98144',495,15,11);
INSERT INTO [Order] (orderID, orderedDate, shippingAddr, totalProductCost, totalShippingCost, userID) VALUES (177,'2018-08-08','8630 New Lane Gwynn Oak, MD 21207',583,10,12);
INSERT INTO [Order] (orderID, orderedDate, shippingAddr, totalProductCost, totalShippingCost, userID) VALUES (178,'2018-08-08','99 South Front Lane Huntington Station, NY 11746',462,10,13);
INSERT INTO [Order] (orderID, orderedDate, shippingAddr, totalProductCost, totalShippingCost, userID) VALUES (179,'2018-08-08','74 Winchester Street Reisterstown, MD 21136',461,20,14);
INSERT INTO [Order] (orderID, orderedDate, shippingAddr, totalProductCost, totalShippingCost, userID) VALUES (180,'2018-08-08','303 Fairground Street Rocky Mount, NC 27804',604,25,15);
INSERT INTO [Order] (orderID, orderedDate, shippingAddr, totalProductCost, totalShippingCost, userID) VALUES (181,'2018-08-10','37 S. Greystone Circle Lacey, WA 98503',427,15,1);
INSERT INTO [Order] (orderID, orderedDate, shippingAddr, totalProductCost, totalShippingCost, userID) VALUES (182,'2018-08-12','7197 South Summer St. Beachwood, OH 44122',427,15,2);
INSERT INTO [Order] (orderID, orderedDate, shippingAddr, totalProductCost, totalShippingCost, userID) VALUES (183,'2018-08-13','98 Redwood Dr. Woodbridge, VA 22191',427,15,3);
INSERT INTO [Order] (orderID, orderedDate, shippingAddr, totalProductCost, totalShippingCost, userID) VALUES (184,'2018-08-14','9021 Thomas Ave. Benton Harbor, MI 49022',427,15,4);
INSERT INTO [Order] (orderID, orderedDate, shippingAddr, totalProductCost, totalShippingCost, userID) VALUES (185,'2018-08-15','7168 Cactus St. Summerville, SC 29483',427,15,5);
INSERT INTO [Order] (orderID, orderedDate, shippingAddr, totalProductCost, totalShippingCost, userID) VALUES (186,'2018-08-16','6 Bay Rd. Derby, KS 67037',427,15,6);
INSERT INTO [Order] (orderID, orderedDate, shippingAddr, totalProductCost, totalShippingCost, userID) VALUES (187,'2018-08-17','9373 Pacific Avenue Zanesville, OH 43701',427,15,7);
INSERT INTO [Order] (orderID, orderedDate, shippingAddr, totalProductCost, totalShippingCost, userID) VALUES (188,'2018-08-18','9877 Wellington Street Macungie, PA 18062',427,15,8);
INSERT INTO [Order] (orderID, orderedDate, shippingAddr, totalProductCost, totalShippingCost, userID) VALUES (189,'2018-08-19','48 N. Brook Dr. Woodside, NY 11377',427,15,9);
INSERT INTO [Order] (orderID, orderedDate, shippingAddr, totalProductCost, totalShippingCost, userID) VALUES (190,'2018-08-20','88 Constitution St. Addison, IL 60101',427,15,10);
INSERT INTO [Order] (orderID, orderedDate, shippingAddr, totalProductCost, totalShippingCost, userID) VALUES (191,'2018-08-21','85 Cherry Drive Seattle, WA 98144',561,16,11);
INSERT INTO [Order] (orderID, orderedDate, shippingAddr, totalProductCost, totalShippingCost, userID) VALUES (192,'2018-08-21','8630 New Lane Gwynn Oak, MD 21207',282,10,12);
INSERT INTO [Order] (orderID, orderedDate, shippingAddr, totalProductCost, totalShippingCost, userID) VALUES (193,'2018-08-21','99 South Front Lane Huntington Station, NY 11746',415,14,13);
INSERT INTO [Order] (orderID, orderedDate, shippingAddr, totalProductCost, totalShippingCost, userID) VALUES (194,'2018-08-22','74 Winchester Street Reisterstown, MD 21136',606,10,14);
INSERT INTO [Order] (orderID, orderedDate, shippingAddr, totalProductCost, totalShippingCost, userID) VALUES (195,'2018-08-22','303 Fairground Street Rocky Mount, NC 27804',654,15,15);
INSERT INTO [Order] (orderID, orderedDate, shippingAddr, totalProductCost, totalShippingCost, userID) VALUES (196,'2018-08-22','37 S. Greystone Circle Lacey, WA 98503',495,15,1);
INSERT INTO [Order] (orderID, orderedDate, shippingAddr, totalProductCost, totalShippingCost, userID) VALUES (197,'2018-08-22','7197 South Summer St. Beachwood, OH 44122',583,10,2);
INSERT INTO [Order] (orderID, orderedDate, shippingAddr, totalProductCost, totalShippingCost, userID) VALUES (198,'2018-08-23','98 Redwood Dr. Woodbridge, VA 22191',651,10,3);
INSERT INTO [Order] (orderID, orderedDate, shippingAddr, totalProductCost, totalShippingCost, userID) VALUES (199,'2018-08-23','9021 Thomas Ave. Benton Harbor, MI 49022',461,20,4);
INSERT INTO [Order] (orderID, orderedDate, shippingAddr, totalProductCost, totalShippingCost, userID) VALUES (200,'2018-08-23','7168 Cactus St. Summerville, SC 29483',474,25,5);
SET IDENTITY_INSERT [Order] OFF;

-- Order_Product Table
INSERT INTO Order_Product (shopName, productID, priceStart, orderID, qty, status, statChangeDate, deliveryDate) VALUES ('Factory Sports', 19, '2018-06-01', 1, 1, 'delivered', '2018-06-05', '2018-06-05');
INSERT INTO Order_Product (shopName, productID, priceStart, orderID, qty, status, statChangeDate, deliveryDate) VALUES ('Commerce Electro', 3, '2018-06-01', 1, 1, 'delivered', '2018-06-07', '2018-06-07');
INSERT INTO Order_Product (shopName, productID, priceStart, orderID, qty, status, statChangeDate, deliveryDate) VALUES ('Commerce Electro', 13, '2018-06-01', 1, 1, 'delivered', '2018-06-15', '2018-06-15');
INSERT INTO Order_Product (shopName, productID, priceStart, orderID, qty, status, statChangeDate) VALUES ('Cryosell', 4, '2018-06-01', 1, 1, 'being processed', '2018-06-02');
INSERT INTO Order_Product (shopName, productID, priceStart, orderID, qty, status, statChangeDate, deliveryDate) VALUES ('Factory Sports', 23, '2018-06-01', 1, 1, 'returned', '2018-06-20', '2018-06-15');
INSERT INTO Order_Product (shopName, productID, priceStart, orderID, qty, status, statChangeDate) VALUES ('Factory Sports', 21, '2018-06-01', 2, 1, 'being processed', '2018-06-05');
INSERT INTO Order_Product (shopName, productID, priceStart, orderID, qty, status, statChangeDate, deliveryDate) VALUES ('Commerce Electro', 2, '2018-06-01', 2, 1, 'delivered', '2018-06-15', '2018-06-15');
INSERT INTO Order_Product (shopName, productID, priceStart, orderID, qty, status, statChangeDate, deliveryDate) VALUES ('Commerce Electro', 3, '2018-06-01', 2, 1, 'delivered', '2018-06-20', '2018-06-20');
INSERT INTO Order_Product (shopName, productID, priceStart, orderID, qty, status, statChangeDate, deliveryDate) VALUES ('Coco Allure', 19, '2018-06-01', 2, 1, 'delivered', '2018-07-03', '2018-07-03');
INSERT INTO Order_Product (shopName, productID, priceStart, orderID, qty, status, statChangeDate) VALUES ('Nusell', 25, '2018-06-01', 2, 1, 'being processed', '2018-06-05');
INSERT INTO Order_Product (shopName, productID, priceStart, orderID, qty, status, statChangeDate, deliveryDate) VALUES ('Factory Sports', 22, '2018-06-01', 3, 1, 'delivered', '2018-07-16', '2018-07-16');
INSERT INTO Order_Product (shopName, productID, priceStart, orderID, qty, status, statChangeDate, deliveryDate) VALUES ('Cryosell', 9, '2018-06-01', 3, 1, 'delivered', '2018-07-12', '2018-07-12');
INSERT INTO Order_Product (shopName, productID, priceStart, orderID, qty, status, statChangeDate, deliveryDate) VALUES ('Cryosell', 4, '2018-06-01', 3, 1, 'delivered', '2018-07-10', '2018-07-10');
INSERT INTO Order_Product (shopName, productID, priceStart, orderID, qty, status, statChangeDate, deliveryDate) VALUES ('Commerce Electro', 3, '2018-06-01', 3, 1, 'returned', '2018-07-28', '2018-07-16');
INSERT INTO Order_Product (shopName, productID, priceStart, orderID, qty, status, statChangeDate) VALUES ('Factory Sports', 19, '2018-06-01', 3, 1, 'being processed', '2018-06-06');
INSERT INTO Order_Product (shopName, productID, priceStart, orderID, qty, status, statChangeDate) VALUES ('Commerce Electro', 1, '2018-06-01', 4, 1, 'being processed', '2018-06-11');
INSERT INTO Order_Product (shopName, productID, priceStart, orderID, qty, status, statChangeDate, deliveryDate) VALUES ('Factory Sports', 24, '2018-06-01', 4, 1, 'returned', '2018-06-30', '2018-06-28');
INSERT INTO Order_Product (shopName, productID, priceStart, orderID, qty, status, statChangeDate, deliveryDate) VALUES ('Factory Sports', 23, '2018-06-01', 4, 1, 'delivered', '2018-06-28', '2018-06-28');
INSERT INTO Order_Product (shopName, productID, priceStart, orderID, qty, status, statChangeDate, deliveryDate) VALUES ('Commerce Electro', 3, '2018-06-01', 4, 1, 'delivered', '2018-06-25', '2018-06-25');
INSERT INTO Order_Product (shopName, productID, priceStart, orderID, qty, status, statChangeDate) VALUES ('Cryosell', 9, '2018-06-01', 4, 1, 'being processed', '2018-06-11');
INSERT INTO Order_Product (shopName, productID, priceStart, orderID, qty, status, statChangeDate, deliveryDate) VALUES ('Commerce Electro', 2, '2018-06-01', 5, 1, 'delivered', '2018-07-21', '2018-07-21');
INSERT INTO Order_Product (shopName, productID, priceStart, orderID, qty, status, statChangeDate, deliveryDate) VALUES ('Coco Allure', 19, '2018-06-01', 5, 1, 'delivered', '2018-07-15', '2018-07-15');
INSERT INTO Order_Product (shopName, productID, priceStart, orderID, qty, status, statChangeDate) VALUES ('Coco Allure', 11, '2018-06-01', 5, 1, 'being processed', '2018-06-15');
INSERT INTO Order_Product (shopName, productID, priceStart, orderID, qty, status, statChangeDate, deliveryDate) VALUES ('Nusell', 13, '2018-06-01', 5, 1, 'delivered', '2018-07-02', '2018-07-02');
INSERT INTO Order_Product (shopName, productID, priceStart, orderID, qty, status, statChangeDate, deliveryDate) VALUES ('Nusell', 16, '2018-06-01', 5, 1, 'delivered', '2018-07-02', '2018-07-02');
INSERT INTO Order_Product (shopName, productID, priceStart, orderID, qty, status, statChangeDate, deliveryDate) VALUES ('Commerce Electro', 14, '2018-06-01', 6, 1, 'delivered', '2018-07-08', '2018-07-08');
INSERT INTO Order_Product (shopName, productID, priceStart, orderID, qty, status, statChangeDate, deliveryDate) VALUES ('Commerce Electro', 5, '2018-06-01', 6, 1, 'delivered', '2018-07-07', '2018-07-07');
INSERT INTO Order_Product (shopName, productID, priceStart, orderID, qty, status, statChangeDate, deliveryDate) VALUES ('Commerce Electro', 3, '2018-06-01', 6, 1, 'returned', '2018-06-20', '2018-06-18');
INSERT INTO Order_Product (shopName, productID, priceStart, orderID, qty, status, statChangeDate) VALUES ('Factory Sports', 19, '2018-06-01', 6, 1, 'being processed', '2018-06-18');
INSERT INTO Order_Product (shopName, productID, priceStart, orderID, qty, status, statChangeDate, deliveryDate) VALUES ('Factory Sports', 23, '2018-06-01', 6, 1, 'delivered', '2018-07-03', '2018-07-03');
INSERT INTO Order_Product (shopName, productID, priceStart, orderID, qty, status, statChangeDate, deliveryDate) VALUES ('Commerce Electro', 5, '2018-06-01', 7, 1, 'delivered', '2018-06-20', '2018-06-20');
INSERT INTO Order_Product (shopName, productID, priceStart, orderID, qty, status, statChangeDate, deliveryDate) VALUES ('Coco Allure', 18, '2018-06-01', 7, 1, 'delivered', '2018-06-21', '2018-06-21');
INSERT INTO Order_Product (shopName, productID, priceStart, orderID, qty, status, statChangeDate, deliveryDate) VALUES ('Coco Allure', 20, '2018-06-01', 7, 1, 'delivered', '2018-06-22', '2018-06-22');
INSERT INTO Order_Product (shopName, productID, priceStart, orderID, qty, status, statChangeDate, deliveryDate) VALUES ('Factory Sports', 25, '2018-06-01', 7, 1, 'delivered', '2018-06-23', '2018-06-23');
INSERT INTO Order_Product (shopName, productID, priceStart, orderID, qty, status, statChangeDate, deliveryDate) VALUES ('Factory Sports', 22, '2018-06-01', 7, 1, 'delivered', '2018-06-24', '2018-06-24');
INSERT INTO Order_Product (shopName, productID, priceStart, orderID, qty, status, statChangeDate, deliveryDate) VALUES ('Cryosell', 6, '2018-06-01', 8, 1, 'delivered', '2018-06-24', '2018-06-24');
INSERT INTO Order_Product (shopName, productID, priceStart, orderID, qty, status, statChangeDate, deliveryDate) VALUES ('Cryosell', 13, '2018-06-01', 8, 1, 'delivered', '2018-06-28', '2018-06-28');
INSERT INTO Order_Product (shopName, productID, priceStart, orderID, qty, status, statChangeDate) VALUES ('Factory Sports', 21, '2018-06-01', 8, 1, 'being processed', '2018-06-22');
INSERT INTO Order_Product (shopName, productID, priceStart, orderID, qty, status, statChangeDate, deliveryDate) VALUES ('Commerce Electro', 2, '2018-06-01', 8, 1, 'returned', '2018-07-15', '2018-07-05');
INSERT INTO Order_Product (shopName, productID, priceStart, orderID, qty, status, statChangeDate, deliveryDate) VALUES ('Commerce Electro', 3, '2018-06-01', 8, 1, 'delivered', '2018-07-05', '2018-07-05');
INSERT INTO Order_Product (shopName, productID, priceStart, orderID, qty, status, statChangeDate, deliveryDate) VALUES ('Cryosell', 7, '2018-06-01', 9, 1, 'delivered', '2018-07-05', '2018-07-05');
INSERT INTO Order_Product (shopName, productID, priceStart, orderID, qty, status, statChangeDate) VALUES ('Coco Allure', 11, '2018-06-01', 9, 1, 'being processed', '2018-06-25');
INSERT INTO Order_Product (shopName, productID, priceStart, orderID, qty, status, statChangeDate, deliveryDate) VALUES ('Coco Allure', 19, '2018-06-01', 9, 1, 'delivered', '2018-07-03', '2018-07-03');
INSERT INTO Order_Product (shopName, productID, priceStart, orderID, qty, status, statChangeDate) VALUES ('Nusell', 14, '2018-06-01', 9, 1, 'being processed', '2018-06-25');
INSERT INTO Order_Product (shopName, productID, priceStart, orderID, qty, status, statChangeDate, deliveryDate) VALUES ('Nusell', 25, '2018-06-01', 9, 1, 'delivered', '2018-07-09', '2018-07-09');
INSERT INTO Order_Product (shopName, productID, priceStart, orderID, qty, status, statChangeDate, deliveryDate) VALUES ('Cryosell', 10, '2018-06-01', 10, 1, 'delivered', '2018-06-28', '2018-06-28');
INSERT INTO Order_Product (shopName, productID, priceStart, orderID, qty, status, statChangeDate) VALUES ('Commerce Electro', 5, '2018-06-01', 10, 1, 'being processed', '2018-06-26');
INSERT INTO Order_Product (shopName, productID, priceStart, orderID, qty, status, statChangeDate, deliveryDate) VALUES ('Commerce Electro', 14, '2018-06-01', 10, 1, 'delivered', '2018-07-05', '2018-07-05');
INSERT INTO Order_Product (shopName, productID, priceStart, orderID, qty, status, statChangeDate, deliveryDate) VALUES ('Factory Sports', 22, '2018-06-01', 10, 1, 'delivered', '2018-07-07', '2018-07-07');
INSERT INTO Order_Product (shopName, productID, priceStart, orderID, qty, status, statChangeDate) VALUES ('Commerce Electro', 4, '2018-06-01', 10, 1, 'being processed', '2018-06-26');
INSERT INTO Order_Product (shopName, productID, priceStart, orderID, qty, status, statChangeDate, deliveryDate) VALUES ('Nusell', 25, '2018-06-01', 11, 1, 'delivered', '2018-06-13', '2018-06-13');
INSERT INTO Order_Product (shopName, productID, priceStart, orderID, qty, status, statChangeDate, deliveryDate) VALUES ('Commerce Electro', 1, '2018-06-01', 11, 1, 'delivered', '2018-06-14', '2018-06-14');
INSERT INTO Order_Product (shopName, productID, priceStart, orderID, qty, status, statChangeDate, deliveryDate) VALUES ('Cryosell', 7, '2018-06-01', 11, 1, 'delivered', '2018-06-16', '2018-06-16');
INSERT INTO Order_Product (shopName, productID, priceStart, orderID, qty, status, statChangeDate, deliveryDate) VALUES ('Coco Allure', 12, '2018-06-01', 11, 1, 'returned', '2018-06-20', '2018-06-15');
INSERT INTO Order_Product (shopName, productID, priceStart, orderID, qty, status, statChangeDate, deliveryDate) VALUES ('Coco Allure', 19, '2018-06-01', 11, 1, 'delivered', '2018-07-01', '2018-07-01');
INSERT INTO Order_Product (shopName, productID, priceStart, orderID, qty, status, statChangeDate, deliveryDate) VALUES ('Nusell', 16, '2018-06-01', 12, 1, 'delivered', '2018-06-15', '2018-06-15');
INSERT INTO Order_Product (shopName, productID, priceStart, orderID, qty, status, statChangeDate, deliveryDate) VALUES ('Nusell', 4, '2018-06-01', 12, 1, 'delivered', '2018-06-16', '2018-06-16');
INSERT INTO Order_Product (shopName, productID, priceStart, orderID, qty, status, statChangeDate, deliveryDate) VALUES ('Cryosell', 4, '2018-06-01', 12, 1, 'delivered', '2018-06-20', '2018-06-20');
INSERT INTO Order_Product (shopName, productID, priceStart, orderID, qty, status, statChangeDate, deliveryDate) VALUES ('Commerce Electro', 4, '2018-06-01', 12, 1, 'returned', '2018-06-28', '2018-06-26');
INSERT INTO Order_Product (shopName, productID, priceStart, orderID, qty, status, statChangeDate, deliveryDate) VALUES ('Factory Sports', 19, '2018-06-01', 12, 1, 'delivered', '2018-06-20', '2018-06-20');
INSERT INTO Order_Product (shopName, productID, priceStart, orderID, qty, status, statChangeDate, deliveryDate) VALUES ('Coco Allure', 19, '2018-06-01', 13, 1, 'delivered', '2018-06-18', '2018-06-18');
INSERT INTO Order_Product (shopName, productID, priceStart, orderID, qty, status, statChangeDate, deliveryDate) VALUES ('Factory Sports', 23, '2018-06-01', 13, 1, 'delivered', '2018-06-19', '2018-06-19');
INSERT INTO Order_Product (shopName, productID, priceStart, orderID, qty, status, statChangeDate, deliveryDate) VALUES ('Commerce Electro', 1, '2018-06-01', 13, 1, 'returned', '2018-06-20', '2018-06-18');
INSERT INTO Order_Product (shopName, productID, priceStart, orderID, qty, status, statChangeDate, deliveryDate) VALUES ('Coco Allure', 11, '2018-06-01', 13, 1, 'delivered', '2018-06-21', '2018-06-21' );
INSERT INTO Order_Product (shopName, productID, priceStart, orderID, qty, status, statChangeDate, deliveryDate) VALUES ('Commerce Electro', 13, '2018-06-01', 13, 1, 'delivered', '2018-06-22', '2018-06-22');
INSERT INTO Order_Product (shopName, productID, priceStart, orderID, qty, status, statChangeDate, deliveryDate) VALUES ('Coco Allure', 12, '2018-06-01', 14, 1, 'returned', '2018-06-20', '2018-06-19');
INSERT INTO Order_Product (shopName, productID, priceStart, orderID, qty, status, statChangeDate, deliveryDate) VALUES ('Cryosell', 9, '2018-06-01', 14, 1, 'delivered', '2018-07-05', '2018-07-05');
INSERT INTO Order_Product (shopName, productID, priceStart, orderID, qty, status, statChangeDate, deliveryDate) VALUES ('Cryosell', 7, '2018-06-01', 14, 1, 'delivered', '2018-07-06', '2018-07-06');
INSERT INTO Order_Product (shopName, productID, priceStart, orderID, qty, status, statChangeDate, deliveryDate) VALUES ('Factory Sports', 25, '2018-06-01', 14, 1, 'delivered', '2018-07-07', '2018-07-07');
INSERT INTO Order_Product (shopName, productID, priceStart, orderID, qty, status, statChangeDate, deliveryDate) VALUES ('Coco Allure', 11, '2018-06-01', 14, 1, 'delivered', '2018-07-10', '2018-07-10');
INSERT INTO Order_Product (shopName, productID, priceStart, orderID, qty, status, statChangeDate, deliveryDate) VALUES ('Commerce Electro', 5, '2018-06-01', 15, 1, 'delivered', '2018-06-20', '2018-06-20');
INSERT INTO Order_Product (shopName, productID, priceStart, orderID, qty, status, statChangeDate, deliveryDate) VALUES ('Commerce Electro', 13, '2018-06-01', 15, 1, 'delivered', '2018-06-25', '2018-06-25');
INSERT INTO Order_Product (shopName, productID, priceStart, orderID, qty, status, statChangeDate, deliveryDate) VALUES ('Cryosell', 7, '2018-06-01', 15, 1, 'delivered', '2018-07-01', '2018-07-01');
INSERT INTO Order_Product (shopName, productID, priceStart, orderID, qty, status, statChangeDate) VALUES ('Coco Allure', 18, '2018-06-01', 15, 1, 'being processed', '2018-06-19');
INSERT INTO Order_Product (shopName, productID, priceStart, orderID, qty, status, statChangeDate, deliveryDate) VALUES ('Factory Sports', 19, '2018-06-01', 15, 1, 'delivered', '2018-07-15', '2018-07-15');
INSERT INTO Order_Product (shopName, productID, priceStart, orderID, qty, status, statChangeDate, deliveryDate) VALUES ('Commerce Electro', 3, '2018-06-01', 16, 1, 'delivered', '2018-06-21', '2018-06-21');
INSERT INTO Order_Product (shopName, productID, priceStart, orderID, qty, status, statChangeDate, deliveryDate) VALUES ('Coco Allure', 19, '2018-06-01', 16, 1, 'delivered', '2018-06-21', '2018-06-21');
INSERT INTO Order_Product (shopName, productID, priceStart, orderID, qty, status, statChangeDate, deliveryDate) VALUES ('Commerce Electro', 3, '2018-06-01', 17, 1, 'delivered', '2018-06-22', '2018-06-22');
INSERT INTO Order_Product (shopName, productID, priceStart, orderID, qty, status, statChangeDate, deliveryDate) VALUES ('Coco Allure', 19, '2018-06-01', 17, 1, 'delivered', '2018-06-22', '2018-06-22');
INSERT INTO Order_Product (shopName, productID, priceStart, orderID, qty, status, statChangeDate, deliveryDate) VALUES ('Commerce Electro', 3, '2018-06-01', 18, 1, 'delivered', '2018-06-23', '2018-06-23');
INSERT INTO Order_Product (shopName, productID, priceStart, orderID, qty, status, statChangeDate, deliveryDate) VALUES ('Coco Allure', 19, '2018-06-01', 18, 1, 'delivered', '2018-06-23', '2018-06-23');
INSERT INTO Order_Product (shopName, productID, priceStart, orderID, qty, status, statChangeDate, deliveryDate) VALUES ('Commerce Electro', 3, '2018-06-01', 19, 1, 'delivered', '2018-06-24', '2018-06-24'); 
INSERT INTO Order_Product (shopName, productID, priceStart, orderID, qty, status, statChangeDate, deliveryDate) VALUES ('Coco Allure', 19, '2018-06-01', 19, 1, 'delivered', '2018-06-24', '2018-06-24');
INSERT INTO Order_Product (shopName, productID, priceStart, orderID, qty, status, statChangeDate, deliveryDate) VALUES ('Commerce Electro', 3, '2018-06-01', 20, 1, 'delivered', '2018-06-25', '2018-06-25');
INSERT INTO Order_Product (shopName, productID, priceStart, orderID, qty, status, statChangeDate, deliveryDate) VALUES ('Coco Allure', 19, '2018-06-01', 20, 1, 'delivered', '2018-06-25', '2018-06-25');
INSERT INTO Order_Product (shopName, productID, priceStart, orderID, qty, status, statChangeDate, deliveryDate) VALUES ('Commerce Electro', 3, '2018-06-01', 21, 1, 'delivered', '2018-06-26', '2018-06-26');
INSERT INTO Order_Product (shopName, productID, priceStart, orderID, qty, status, statChangeDate, deliveryDate) VALUES ('Coco Allure', 19, '2018-06-01', 21, 1, 'delivered', '2018-06-26', '2018-06-26');
INSERT INTO Order_Product (shopName, productID, priceStart, orderID, qty, status, statChangeDate, deliveryDate) VALUES ('Commerce Electro', 3, '2018-06-01', 22, 1, 'delivered', '2018-06-27', '2018-06-27');
INSERT INTO Order_Product (shopName, productID, priceStart, orderID, qty, status, statChangeDate, deliveryDate) VALUES ('Coco Allure', 19, '2018-06-01', 22, 1, 'delivered', '2018-06-27', '2018-06-27');
INSERT INTO Order_Product (shopName, productID, priceStart, orderID, qty, status, statChangeDate, deliveryDate) VALUES ('Commerce Electro', 3, '2018-06-01', 23, 1, 'delivered', '2018-06-28', '2018-06-28');
INSERT INTO Order_Product (shopName, productID, priceStart, orderID, qty, status, statChangeDate, deliveryDate) VALUES ('Coco Allure', 19, '2018-06-01', 23, 1, 'delivered', '2018-06-28', '2018-06-28');
INSERT INTO Order_Product (shopName, productID, priceStart, orderID, qty, status, statChangeDate, deliveryDate) VALUES ('Commerce Electro', 3, '2018-06-01', 24, 1, 'delivered', '2018-06-29', '2018-06-29');
INSERT INTO Order_Product (shopName, productID, priceStart, orderID, qty, status, statChangeDate, deliveryDate) VALUES ('Coco Allure', 19, '2018-06-01', 24, 1, 'delivered', '2018-06-29', '2018-06-29');
INSERT INTO Order_Product (shopName, productID, priceStart, orderID, qty, status, statChangeDate, deliveryDate) VALUES ('Commerce Electro', 3, '2018-06-01', 25, 1, 'delivered', '2018-06-22', '2018-06-22');
INSERT INTO Order_Product (shopName, productID, priceStart, orderID, qty, status, statChangeDate, deliveryDate) VALUES ('Coco Allure', 19, '2018-06-01', 25, 1, 'delivered', '2018-06-22', '2018-06-22');
INSERT INTO Order_Product (shopName, productID, priceStart, orderID, qty, status, statChangeDate, deliveryDate) VALUES ('Commerce Electro', 3, '2018-06-01', 26, 1, 'delivered', '2018-06-23', '2018-06-23');
INSERT INTO Order_Product (shopName, productID, priceStart, orderID, qty, status, statChangeDate, deliveryDate) VALUES ('Coco Allure', 19, '2018-06-01', 26, 1, 'delivered', '2018-06-23', '2018-06-23');
INSERT INTO Order_Product (shopName, productID, priceStart, orderID, qty, status, statChangeDate, deliveryDate) VALUES ('Commerce Electro', 3, '2018-06-01', 27, 1, 'delivered', '2018-06-24', '2018-06-24');
INSERT INTO Order_Product (shopName, productID, priceStart, orderID, qty, status, statChangeDate, deliveryDate) VALUES ('Coco Allure', 19, '2018-06-01', 27, 1, 'delivered', '2018-06-24', '2018-06-24');
INSERT INTO Order_Product (shopName, productID, priceStart, orderID, qty, status, statChangeDate, deliveryDate) VALUES ('Commerce Electro', 3, '2018-06-01', 28, 1, 'delivered', '2018-06-25', '2018-06-25');
INSERT INTO Order_Product (shopName, productID, priceStart, orderID, qty, status, statChangeDate, deliveryDate) VALUES ('Coco Allure', 19, '2018-06-01', 28, 1, 'delivered', '2018-06-25', '2018-06-25');
INSERT INTO Order_Product (shopName, productID, priceStart, orderID, qty, status, statChangeDate, deliveryDate) VALUES ('Commerce Electro', 3, '2018-06-01', 29, 1, 'delivered', '2018-06-24', '2018-06-24');
INSERT INTO Order_Product (shopName, productID, priceStart, orderID, qty, status, statChangeDate, deliveryDate) VALUES ('Coco Allure', 19, '2018-06-01', 29, 1, 'delivered', '2018-06-24', '2018-06-24');
INSERT INTO Order_Product (shopName, productID, priceStart, orderID, qty, status, statChangeDate, deliveryDate) VALUES ('Coco Allure', 19, '2018-06-01', 30, 1, 'delivered', '2018-06-25', '2018-06-25');
INSERT INTO Order_Product (shopName, productID, priceStart, orderID, qty, status, statChangeDate, deliveryDate) VALUES ('Coco Allure', 19, '2018-06-01', 31, 1, 'delivered', '2018-06-26', '2018-06-26');
INSERT INTO Order_Product (shopName, productID, priceStart, orderID, qty, status, statChangeDate, deliveryDate) VALUES ('Coco Allure', 19, '2018-06-01', 32, 1, 'delivered', '2018-06-27', '2018-06-27');
INSERT INTO Order_Product (shopName, productID, priceStart, orderID, qty, status, statChangeDate, deliveryDate) VALUES ('Coco Allure', 19, '2018-06-01', 33, 1, 'delivered', '2018-06-28', '2018-06-28'); 
INSERT INTO Order_Product (shopName, productID, priceStart, orderID, qty, status, statChangeDate, deliveryDate) VALUES ('Coco Allure', 19, '2018-06-01', 34, 1, 'delivered', '2018-06-29', '2018-06-29');
INSERT INTO Order_Product (shopName, productID, priceStart, orderID, qty, status, statChangeDate, deliveryDate) VALUES ('Coco Allure', 19, '2018-06-01', 35, 1, 'delivered', '2018-06-30', '2018-06-30');
INSERT INTO Order_Product (shopName, productID, priceStart, orderID, qty, status, statChangeDate, deliveryDate) VALUES ('Commerce Electro', 3, '2018-06-01', 36, 1, 'delivered', '2018-07-05', '2018-07-05');
INSERT INTO Order_Product (shopName, productID, priceStart, orderID, qty, status, statChangeDate, deliveryDate) VALUES ('Coco Allure', 19, '2018-06-01', 36, 1, 'delivered', '2018-07-05', '2018-07-05');
INSERT INTO Order_Product (shopName, productID, priceStart, orderID, qty, status, statChangeDate, deliveryDate) VALUES ('Commerce Electro', 3, '2018-06-01', 37, 1, 'delivered', '2018-07-06', '2018-07-06');
INSERT INTO Order_Product (shopName, productID, priceStart, orderID, qty, status, statChangeDate, deliveryDate) VALUES ('Coco Allure', 19, '2018-06-01', 37, 1, 'delivered', '2018-07-06', '2018-07-06');
INSERT INTO Order_Product (shopName, productID, priceStart, orderID, qty, status, statChangeDate, deliveryDate) VALUES ('Commerce Electro', 3, '2018-06-01', 38, 1, 'delivered', '2018-07-07', '2018-07-07');
INSERT INTO Order_Product (shopName, productID, priceStart, orderID, qty, status, statChangeDate, deliveryDate) VALUES ('Coco Allure', 19, '2018-06-01', 38, 1, 'delivered', '2018-07-07', '2018-07-07');
INSERT INTO Order_Product (shopName, productID, priceStart, orderID, qty, status, statChangeDate, deliveryDate) VALUES ('Commerce Electro', 3, '2018-06-01', 39, 1, 'delivered', '2018-07-08', '2018-07-08');
INSERT INTO Order_Product (shopName, productID, priceStart, orderID, qty, status, statChangeDate, deliveryDate) VALUES ('Coco Allure', 19, '2018-06-01', 39, 1, 'delivered', '2018-07-08', '2018-07-08');
INSERT INTO Order_Product (shopName, productID, priceStart, orderID, qty, status, statChangeDate, deliveryDate) VALUES ('Commerce Electro', 3, '2018-06-01', 40, 1, 'delivered', '2018-07-09', '2018-07-09');
INSERT INTO Order_Product (shopName, productID, priceStart, orderID, qty, status, statChangeDate, deliveryDate) VALUES ('Coco Allure', 19, '2018-06-01', 40, 1, 'delivered', '2018-07-09', '2018-07-09');
INSERT INTO Order_Product (shopName, productID, priceStart, orderID, qty, status, statChangeDate, deliveryDate) VALUES ('Commerce Electro', 3, '2018-06-01', 41, 1, 'delivered', '2018-07-10', '2018-07-10');
INSERT INTO Order_Product (shopName, productID, priceStart, orderID, qty, status, statChangeDate, deliveryDate) VALUES ('Coco Allure', 19, '2018-06-01', 41, 1, 'delivered', '2018-07-10', '2018-07-10');
INSERT INTO Order_Product (shopName, productID, priceStart, orderID, qty, status, statChangeDate, deliveryDate) VALUES ('Commerce Electro', 3, '2018-06-01', 42, 1, 'delivered', '2018-07-11', '2018-07-11');
INSERT INTO Order_Product (shopName, productID, priceStart, orderID, qty, status, statChangeDate, deliveryDate) VALUES ('Coco Allure', 19, '2018-06-01', 42, 1, 'delivered', '2018-07-11', '2018-07-11');
INSERT INTO Order_Product (shopName, productID, priceStart, orderID, qty, status, statChangeDate, deliveryDate) VALUES ('Commerce Electro', 3, '2018-06-01', 43, 1, 'delivered', '2018-07-12', '2018-07-12');
INSERT INTO Order_Product (shopName, productID, priceStart, orderID, qty, status, statChangeDate, deliveryDate) VALUES ('Coco Allure', 19, '2018-06-01', 43, 1, 'delivered', '2018-07-12', '2018-07-12');
INSERT INTO Order_Product (shopName, productID, priceStart, orderID, qty, status, statChangeDate, deliveryDate) VALUES ('Commerce Electro', 3, '2018-06-01', 44, 1, 'delivered', '2018-07-13', '2018-07-13');
INSERT INTO Order_Product (shopName, productID, priceStart, orderID, qty, status, statChangeDate, deliveryDate) VALUES ('Coco Allure', 19, '2018-06-01', 44, 1, 'delivered', '2018-07-13', '2018-07-13');
INSERT INTO Order_Product (shopName, productID, priceStart, orderID, qty, status, statChangeDate, deliveryDate) VALUES ('Commerce Electro', 3, '2018-06-01', 45, 1, 'delivered', '2018-07-14', '2018-07-14');		
INSERT INTO Order_Product (shopName, productID, priceStart, orderID, qty, status, statChangeDate, deliveryDate) VALUES ('Coco Allure', 19, '2018-06-01', 45, 1, 'delivered', '2018-07-14', '2018-07-14');															
INSERT INTO Order_Product (shopName, productID, priceStart, orderID, qty, status, statChangeDate, deliveryDate) VALUES ('Coco Allure', 19, '2018-06-01', 46, 1, 'delivered', '2018-07-14', '2018-07-14');
INSERT INTO Order_Product (shopName, productID, priceStart, orderID, qty, status, statChangeDate, deliveryDate) VALUES ('Commerce Electro', 3, '2018-06-01', 46, 1, 'delivered', '2018-07-14', '2018-07-14');	
INSERT INTO Order_Product (shopName, productID, priceStart, orderID, qty, status, statChangeDate, deliveryDate) VALUES ('Coco Allure', 19, '2018-06-01', 47, 1, 'delivered', '2018-07-14', '2018-07-14')
INSERT INTO Order_Product (shopName, productID, priceStart, orderID, qty, status, statChangeDate, deliveryDate) VALUES ('Commerce Electro', 3, '2018-06-01', 47, 1, 'delivered', '2018-07-14', '2018-07-14');	
INSERT INTO Order_Product (shopName, productID, priceStart, orderID, qty, status, statChangeDate, deliveryDate) VALUES ('Coco Allure', 19, '2018-06-01', 48, 1, 'delivered', '2018-07-14', '2018-07-14');
INSERT INTO Order_Product (shopName, productID, priceStart, orderID, qty, status, statChangeDate, deliveryDate) VALUES ('Commerce Electro', 3, '2018-06-01', 48, 1, 'delivered', '2018-07-14', '2018-07-14');	
INSERT INTO Order_Product (shopName, productID, priceStart, orderID, qty, status, statChangeDate, deliveryDate) VALUES ('Coco Allure', 19, '2018-06-01', 49, 1, 'delivered', '2018-07-14', '2018-07-14'); 
INSERT INTO Order_Product (shopName, productID, priceStart, orderID, qty, status, statChangeDate, deliveryDate) VALUES ('Commerce Electro', 3, '2018-06-01', 49, 1, 'delivered', '2018-07-14', '2018-07-14');	
INSERT INTO Order_Product (shopName, productID, priceStart, orderID, qty, status, statChangeDate, deliveryDate) VALUES ('Coco Allure', 19, '2018-06-01', 50, 1, 'delivered', '2018-07-14', '2018-07-14');
INSERT INTO Order_Product (shopName, productID, priceStart, orderID, qty, status, statChangeDate, deliveryDate) VALUES ('Commerce Electro', 3, '2018-06-01', 50, 1, 'delivered', '2018-07-14', '2018-07-14');	
INSERT INTO Order_Product (shopName, productID, priceStart, orderID, qty, status, statChangeDate, deliveryDate) VALUES ('Coco Allure', 19, '2018-06-01', 51, 1, 'delivered', '2018-07-14', '2018-07-14');
INSERT INTO Order_Product (shopName, productID, priceStart, orderID, qty, status, statChangeDate, deliveryDate) VALUES ('Commerce Electro', 3, '2018-06-01', 51, 1, 'delivered', '2018-07-14', '2018-07-14');	
INSERT INTO Order_Product (shopName, productID, priceStart, orderID, qty, status, statChangeDate, deliveryDate) VALUES ('Coco Allure', 19, '2018-06-01', 52, 1, 'delivered', '2018-07-14', '2018-07-14');
INSERT INTO Order_Product (shopName, productID, priceStart, orderID, qty, status, statChangeDate, deliveryDate) VALUES ('Commerce Electro', 3, '2018-06-01', 52, 1, 'delivered', '2018-07-14', '2018-07-14');	
INSERT INTO Order_Product (shopName, productID, priceStart, orderID, qty, status, statChangeDate, deliveryDate) VALUES ('Coco Allure', 19, '2018-06-01', 53, 1, 'delivered', '2018-07-14', '2018-07-14');
INSERT INTO Order_Product (shopName, productID, priceStart, orderID, qty, status, statChangeDate, deliveryDate) VALUES ('Commerce Electro', 3, '2018-06-01', 53, 1, 'delivered', '2018-07-14', '2018-07-14');	
INSERT INTO Order_Product (shopName, productID, priceStart, orderID, qty, status, statChangeDate, deliveryDate) VALUES ('Coco Allure', 19, '2018-06-01', 54, 1, 'delivered', '2018-07-14', '2018-07-14');
INSERT INTO Order_Product (shopName, productID, priceStart, orderID, qty, status, statChangeDate, deliveryDate) VALUES ('Commerce Electro', 3, '2018-06-01', 54, 1, 'delivered', '2018-07-14', '2018-07-14');	
INSERT INTO Order_Product (shopName, productID, priceStart, orderID, qty, status, statChangeDate, deliveryDate) VALUES ('Coco Allure', 19, '2018-06-01', 55, 1, 'delivered', '2018-07-14', '2018-07-14');
INSERT INTO Order_Product (shopName, productID, priceStart, orderID, qty, status, statChangeDate, deliveryDate) VALUES ('Commerce Electro', 3, '2018-06-01', 55, 1, 'delivered', '2018-07-14', '2018-07-14');	
INSERT INTO Order_Product (shopName, productID, priceStart, orderID, qty, status, statChangeDate, deliveryDate) VALUES ('Coco Allure', 19, '2018-06-01', 56, 1, 'delivered', '2018-07-14', '2018-07-14');
INSERT INTO Order_Product (shopName, productID, priceStart, orderID, qty, status, statChangeDate, deliveryDate) VALUES ('Cryosell', 7, '2018-06-01', 56, 1, 'delivered', '2018-07-14', '2018-07-14');
INSERT INTO Order_Product (shopName, productID, priceStart, orderID, qty, status, statChangeDate, deliveryDate) VALUES ('Coco Allure', 19, '2018-06-01', 57, 1, 'delivered', '2018-07-14', '2018-07-14');
INSERT INTO Order_Product (shopName, productID, priceStart, orderID, qty, status, statChangeDate, deliveryDate) VALUES ('Cryosell', 7, '2018-06-01', 57, 1, 'delivered', '2018-07-14', '2018-07-14');
INSERT INTO Order_Product (shopName, productID, priceStart, orderID, qty, status, statChangeDate, deliveryDate) VALUES ('Coco Allure', 19, '2018-06-01', 58, 1, 'delivered', '2018-07-14', '2018-07-14');
INSERT INTO Order_Product (shopName, productID, priceStart, orderID, qty, status, statChangeDate, deliveryDate) VALUES ('Cryosell', 7, '2018-06-01', 58, 1, 'delivered', '2018-07-14', '2018-07-14');
INSERT INTO Order_Product (shopName, productID, priceStart, orderID, qty, status, statChangeDate, deliveryDate) VALUES ('Coco Allure', 19, '2018-06-01', 59, 1, 'delivered', '2018-07-14', '2018-07-14');
INSERT INTO Order_Product (shopName, productID, priceStart, orderID, qty, status, statChangeDate, deliveryDate) VALUES ('Cryosell', 7, '2018-06-01', 59, 1, 'delivered', '2018-07-14', '2018-07-14');
INSERT INTO Order_Product (shopName, productID, priceStart, orderID, qty, status, statChangeDate, deliveryDate) VALUES ('Coco Allure', 19, '2018-06-01', 60, 1, 'delivered', '2018-07-14', '2018-07-14');
INSERT INTO Order_Product (shopName, productID, priceStart, orderID, qty, status, statChangeDate, deliveryDate) VALUES ('Cryosell', 7, '2018-06-01', 60, 1, 'delivered', '2018-07-14', '2018-07-14');
INSERT INTO Order_Product (shopName, productID, priceStart, orderID, qty, status, statChangeDate, deliveryDate) VALUES ('Commerce Electro', 3, '2018-06-01', 61, 1, 'delivered', '2018-07-18', '2018-07-18');
INSERT INTO Order_Product (shopName, productID, priceStart, orderID, qty, status, statChangeDate, deliveryDate) VALUES ('Coco Allure', 19, '2018-06-01', 61, 1, 'delivered', '2018-07-14', '2018-07-14');
INSERT INTO Order_Product (shopName, productID, priceStart, orderID, qty, status, statChangeDate, deliveryDate) VALUES ('Cryosell', 7, '2018-06-01', 61, 1, 'delivered', '2018-07-14', '2018-07-14');
INSERT INTO Order_Product (shopName, productID, priceStart, orderID, qty, status, statChangeDate, deliveryDate) VALUES ('Commerce Electro', 3, '2018-06-01', 62, 1, 'delivered', '2018-07-18', '2018-07-18');
INSERT INTO Order_Product (shopName, productID, priceStart, orderID, qty, status, statChangeDate, deliveryDate) VALUES ('Coco Allure', 19, '2018-06-01', 62, 1, 'delivered', '2018-07-18', '2018-07-18');
INSERT INTO Order_Product (shopName, productID, priceStart, orderID, qty, status, statChangeDate, deliveryDate) VALUES ('Cryosell', 7, '2018-06-01', 62, 1, 'delivered', '2018-07-18', '2018-07-18');
INSERT INTO Order_Product (shopName, productID, priceStart, orderID, qty, status, statChangeDate, deliveryDate) VALUES ('Commerce Electro', 3, '2018-06-01', 63, 1, 'delivered', '2018-07-18', '2018-07-18');
INSERT INTO Order_Product (shopName, productID, priceStart, orderID, qty, status, statChangeDate, deliveryDate) VALUES ('Coco Allure', 19, '2018-06-01', 63, 1, 'delivered', '2018-07-18', '2018-07-18');
INSERT INTO Order_Product (shopName, productID, priceStart, orderID, qty, status, statChangeDate, deliveryDate) VALUES ('Cryosell', 7, '2018-06-01', 63, 1, 'delivered', '2018-07-18', '2018-07-18');
INSERT INTO Order_Product (shopName, productID, priceStart, orderID, qty, status, statChangeDate, deliveryDate) VALUES ('Commerce Electro', 3, '2018-06-01', 64, 1, 'delivered', '2018-07-18', '2018-07-18');
INSERT INTO Order_Product (shopName, productID, priceStart, orderID, qty, status, statChangeDate, deliveryDate) VALUES ('Coco Allure', 19, '2018-06-01', 64, 1, 'delivered', '2018-07-18', '2018-07-18'); 
INSERT INTO Order_Product (shopName, productID, priceStart, orderID, qty, status, statChangeDate, deliveryDate) VALUES ('Cryosell', 7, '2018-06-01', 64, 1, 'delivered', '2018-07-18', '2018-07-18');
INSERT INTO Order_Product (shopName, productID, priceStart, orderID, qty, status, statChangeDate, deliveryDate) VALUES ('Commerce Electro', 3, '2018-06-01', 65, 1, 'delivered', '2018-07-18', '2018-07-18');
INSERT INTO Order_Product (shopName, productID, priceStart, orderID, qty, status, statChangeDate, deliveryDate) VALUES ('Coco Allure', 19, '2018-06-01', 65, 1, 'delivered', '2018-07-18', '2018-07-18');
INSERT INTO Order_Product (shopName, productID, priceStart, orderID, qty, status, statChangeDate, deliveryDate) VALUES ('Cryosell', 7, '2018-06-01', 65, 1, 'delivered', '2018-07-18', '2018-07-18');
INSERT INTO Order_Product (shopName, productID, priceStart, orderID, qty, status, statChangeDate, deliveryDate) VALUES ('Commerce Electro', 3, '2018-06-01', 66, 1, 'delivered', '2018-07-18', '2018-07-18');
INSERT INTO Order_Product (shopName, productID, priceStart, orderID, qty, status, statChangeDate, deliveryDate) VALUES ('Coco Allure', 19, '2018-06-01', 66, 1, 'delivered', '2018-07-18', '2018-07-18');
INSERT INTO Order_Product (shopName, productID, priceStart, orderID, qty, status, statChangeDate, deliveryDate) VALUES ('Cryosell', 7, '2018-06-01', 66, 1, 'delivered', '2018-07-18', '2018-07-18');
INSERT INTO Order_Product (shopName, productID, priceStart, orderID, qty, status, statChangeDate, deliveryDate) VALUES ('Commerce Electro', 3, '2018-06-01', 67, 1, 'delivered', '2018-07-18', '2018-07-18');
INSERT INTO Order_Product (shopName, productID, priceStart, orderID, qty, status, statChangeDate, deliveryDate) VALUES ('Coco Allure', 19, '2018-06-01', 67, 1, 'delivered', '2018-07-18', '2018-07-18');
INSERT INTO Order_Product (shopName, productID, priceStart, orderID, qty, status, statChangeDate, deliveryDate) VALUES ('Cryosell', 7, '2018-06-01', 67, 1, 'delivered', '2018-07-18', '2018-07-18');
INSERT INTO Order_Product (shopName, productID, priceStart, orderID, qty, status, statChangeDate, deliveryDate) VALUES ('Commerce Electro', 3, '2018-06-01', 68, 1, 'delivered', '2018-07-18', '2018-07-18');
INSERT INTO Order_Product (shopName, productID, priceStart, orderID, qty, status, statChangeDate, deliveryDate) VALUES ('Coco Allure', 19, '2018-06-01', 68, 1, 'delivered', '2018-07-18', '2018-07-18');
INSERT INTO Order_Product (shopName, productID, priceStart, orderID, qty, status, statChangeDate, deliveryDate) VALUES ('Cryosell', 7, '2018-06-01', 68, 1, 'delivered', '2018-07-18', '2018-07-18');
INSERT INTO Order_Product (shopName, productID, priceStart, orderID, qty, status, statChangeDate, deliveryDate) VALUES ('Commerce Electro', 3, '2018-06-01', 69, 1, 'delivered', '2018-07-18', '2018-07-18');
INSERT INTO Order_Product (shopName, productID, priceStart, orderID, qty, status, statChangeDate, deliveryDate) VALUES ('Coco Allure', 19, '2018-06-01', 69, 1, 'delivered', '2018-07-18', '2018-07-18');
INSERT INTO Order_Product (shopName, productID, priceStart, orderID, qty, status, statChangeDate, deliveryDate) VALUES ('Cryosell', 7, '2018-06-01', 69, 1, 'delivered', '2018-07-18', '2018-07-18');
INSERT INTO Order_Product (shopName, productID, priceStart, orderID, qty, status, statChangeDate, deliveryDate) VALUES ('Commerce Electro', 3, '2018-06-01', 70, 1, 'delivered', '2018-07-18', '2018-07-18');
INSERT INTO Order_Product (shopName, productID, priceStart, orderID, qty, status, statChangeDate, deliveryDate) VALUES ('Coco Allure', 19, '2018-06-01', 70, 1, 'delivered', '2018-07-18', '2018-07-18');
INSERT INTO Order_Product (shopName, productID, priceStart, orderID, qty, status, statChangeDate, deliveryDate) VALUES ('Cryosell', 7, '2018-06-01', 70, 1, 'delivered', '2018-07-18', '2018-07-18');
INSERT INTO Order_Product (shopName, productID, priceStart, orderID, qty, status, statChangeDate, deliveryDate) VALUES ('Commerce Electro', 3, '2018-06-01', 71, 1, 'delivered', '2018-07-18', '2018-07-18');
INSERT INTO Order_Product (shopName, productID, priceStart, orderID, qty, status, statChangeDate, deliveryDate) VALUES ('Coco Allure', 19, '2018-06-01', 71, 1, 'delivered', '2018-07-18', '2018-07-18');
INSERT INTO Order_Product (shopName, productID, priceStart, orderID, qty, status, statChangeDate, deliveryDate) VALUES ('Cryosell', 7, '2018-06-01', 71, 1, 'delivered', '2018-07-18', '2018-07-18');
INSERT INTO Order_Product (shopName, productID, priceStart, orderID, qty, status, statChangeDate, deliveryDate) VALUES ('Commerce Electro', 3, '2018-06-01', 72, 1, 'delivered', '2018-07-18', '2018-07-18');
INSERT INTO Order_Product (shopName, productID, priceStart, orderID, qty, status, statChangeDate, deliveryDate) VALUES ('Coco Allure', 19, '2018-06-01', 72, 1, 'delivered', '2018-07-18', '2018-07-18');
INSERT INTO Order_Product (shopName, productID, priceStart, orderID, qty, status, statChangeDate, deliveryDate) VALUES ('Cryosell', 7, '2018-06-01', 72, 1, 'delivered', '2018-07-18', '2018-07-18');
INSERT INTO Order_Product (shopName, productID, priceStart, orderID, qty, status, statChangeDate, deliveryDate) VALUES ('Commerce Electro', 3, '2018-06-01', 73, 1, 'delivered', '2018-07-18', '2018-07-18');
INSERT INTO Order_Product (shopName, productID, priceStart, orderID, qty, status, statChangeDate, deliveryDate) VALUES ('Coco Allure', 19, '2018-06-01', 73, 1, 'delivered', '2018-07-18', '2018-07-18');
INSERT INTO Order_Product (shopName, productID, priceStart, orderID, qty, status, statChangeDate, deliveryDate) VALUES ('Cryosell', 7, '2018-06-01', 73, 1, 'delivered', '2018-07-18', '2018-07-18');
INSERT INTO Order_Product (shopName, productID, priceStart, orderID, qty, status, statChangeDate, deliveryDate) VALUES ('Commerce Electro', 3, '2018-06-01', 74, 1, 'delivered', '2018-07-18', '2018-07-18');
INSERT INTO Order_Product (shopName, productID, priceStart, orderID, qty, status, statChangeDate, deliveryDate) VALUES ('Coco Allure', 19, '2018-06-01', 74, 1, 'delivered', '2018-07-18', '2018-07-18');
INSERT INTO Order_Product (shopName, productID, priceStart, orderID, qty, status, statChangeDate, deliveryDate) VALUES ('Cryosell', 7, '2018-06-01', 74, 1, 'delivered', '2018-07-18', '2018-07-18');
INSERT INTO Order_Product (shopName, productID, priceStart, orderID, qty, status, statChangeDate, deliveryDate) VALUES ('Commerce Electro', 3, '2018-06-01', 75, 1, 'delivered', '2018-07-18', '2018-07-18');
INSERT INTO Order_Product (shopName, productID, priceStart, orderID, qty, status, statChangeDate, deliveryDate) VALUES ('Coco Allure', 19, '2018-06-01', 75, 1, 'delivered', '2018-07-18', '2018-07-18');
INSERT INTO Order_Product (shopName, productID, priceStart, orderID, qty, status, statChangeDate, deliveryDate) VALUES ('Cryosell', 7, '2018-06-01', 75, 1, 'delivered', '2018-07-18', '2018-07-18');
INSERT INTO Order_Product (shopName, productID, priceStart, orderID, qty, status, statChangeDate, deliveryDate) VALUES ('Coco Allure', 19, '2018-06-01', 76, 1, 'delivered', '2018-07-23', '2018-07-23');
INSERT INTO Order_Product (shopName, productID, priceStart, orderID, qty, status, statChangeDate, deliveryDate) VALUES ('Cryosell', 7, '2018-06-01', 76, 1, 'delivered', '2018-07-23', '2018-07-23');
INSERT INTO Order_Product (shopName, productID, priceStart, orderID, qty, status, statChangeDate, deliveryDate) VALUES ('Coco Allure', 19, '2018-06-01', 77, 1, 'delivered', '2018-07-23', '2018-07-23');
INSERT INTO Order_Product (shopName, productID, priceStart, orderID, qty, status, statChangeDate, deliveryDate) VALUES ('Cryosell', 7, '2018-06-01', 77, 1, 'delivered', '2018-07-23', '2018-07-23');
INSERT INTO Order_Product (shopName, productID, priceStart, orderID, qty, status, statChangeDate, deliveryDate) VALUES ('Coco Allure', 19, '2018-06-01', 78, 1, 'delivered', '2018-07-23', '2018-07-23');
INSERT INTO Order_Product (shopName, productID, priceStart, orderID, qty, status, statChangeDate, deliveryDate) VALUES ('Cryosell', 7, '2018-06-01', 78, 1, 'delivered', '2018-07-23', '2018-07-23');
INSERT INTO Order_Product (shopName, productID, priceStart, orderID, qty, status, statChangeDate, deliveryDate) VALUES ('Coco Allure', 19, '2018-06-01', 79, 1, 'delivered', '2018-07-23', '2018-07-23'); 
INSERT INTO Order_Product (shopName, productID, priceStart, orderID, qty, status, statChangeDate, deliveryDate) VALUES ('Cryosell', 7, '2018-06-01', 79, 1, 'delivered', '2018-07-23', '2018-07-23');
INSERT INTO Order_Product (shopName, productID, priceStart, orderID, qty, status, statChangeDate, deliveryDate) VALUES ('Coco Allure', 19, '2018-06-01', 80, 1, 'delivered', '2018-07-23', '2018-07-23');
INSERT INTO Order_Product (shopName, productID, priceStart, orderID, qty, status, statChangeDate, deliveryDate) VALUES ('Cryosell', 7, '2018-06-01', 80, 1, 'delivered', '2018-07-23', '2018-07-23');
INSERT INTO Order_Product (shopName, productID, priceStart, orderID, qty, status, statChangeDate, deliveryDate) VALUES ('Coco Allure', 19, '2018-06-01', 81, 1, 'delivered', '2018-07-23', '2018-07-23');
INSERT INTO Order_Product (shopName, productID, priceStart, orderID, qty, status, statChangeDate, deliveryDate) VALUES ('Cryosell', 7, '2018-06-01', 81, 1, 'delivered', '2018-07-23', '2018-07-23');
INSERT INTO Order_Product (shopName, productID, priceStart, orderID, qty, status, statChangeDate, deliveryDate) VALUES ('Coco Allure', 19, '2018-06-01', 82, 1, 'delivered', '2018-07-23', '2018-07-23');
INSERT INTO Order_Product (shopName, productID, priceStart, orderID, qty, status, statChangeDate, deliveryDate) VALUES ('Cryosell', 7, '2018-06-01', 82, 1, 'delivered', '2018-07-23', '2018-07-23');
INSERT INTO Order_Product (shopName, productID, priceStart, orderID, qty, status, statChangeDate, deliveryDate) VALUES ('Coco Allure', 19, '2018-06-01', 83, 1, 'delivered', '2018-07-23', '2018-07-23');
INSERT INTO Order_Product (shopName, productID, priceStart, orderID, qty, status, statChangeDate, deliveryDate) VALUES ('Cryosell', 7, '2018-06-01', 83, 1, 'delivered', '2018-07-23', '2018-07-23');
INSERT INTO Order_Product (shopName, productID, priceStart, orderID, qty, status, statChangeDate, deliveryDate) VALUES ('Coco Allure', 19, '2018-06-01', 84, 1, 'delivered', '2018-07-23', '2018-07-23');
INSERT INTO Order_Product (shopName, productID, priceStart, orderID, qty, status, statChangeDate, deliveryDate) VALUES ('Cryosell', 7, '2018-06-01', 84, 1, 'delivered', '2018-07-23', '2018-07-23');
INSERT INTO Order_Product (shopName, productID, priceStart, orderID, qty, status, statChangeDate, deliveryDate) VALUES ('Coco Allure', 19, '2018-06-01', 85, 1, 'delivered', '2018-07-23', '2018-07-23');
INSERT INTO Order_Product (shopName, productID, priceStart, orderID, qty, status, statChangeDate, deliveryDate) VALUES ('Cryosell', 7, '2018-06-01', 85, 1, 'delivered', '2018-07-23', '2018-07-23');
INSERT INTO Order_Product (shopName, productID, priceStart, orderID, qty, status, statChangeDate, deliveryDate) VALUES ('Coco Allure', 19, '2018-06-01', 86, 1, 'delivered', '2018-07-23', '2018-07-23');
INSERT INTO Order_Product (shopName, productID, priceStart, orderID, qty, status, statChangeDate, deliveryDate) VALUES ('Cryosell', 7, '2018-06-01', 86, 1, 'delivered', '2018-07-23', '2018-07-23');
INSERT INTO Order_Product (shopName, productID, priceStart, orderID, qty, status, statChangeDate, deliveryDate) VALUES ('Coco Allure', 19, '2018-06-01', 87, 1, 'delivered', '2018-07-23', '2018-07-23');
INSERT INTO Order_Product (shopName, productID, priceStart, orderID, qty, status, statChangeDate, deliveryDate) VALUES ('Cryosell', 7, '2018-06-01', 87, 1, 'delivered', '2018-07-23', '2018-07-23');
INSERT INTO Order_Product (shopName, productID, priceStart, orderID, qty, status, statChangeDate, deliveryDate) VALUES ('Coco Allure', 19, '2018-06-01', 88, 1, 'delivered', '2018-07-23', '2018-07-23');
INSERT INTO Order_Product (shopName, productID, priceStart, orderID, qty, status, statChangeDate, deliveryDate) VALUES ('Cryosell', 7, '2018-06-01', 88, 1, 'delivered', '2018-07-23', '2018-07-23');
INSERT INTO Order_Product (shopName, productID, priceStart, orderID, qty, status, statChangeDate, deliveryDate) VALUES ('Coco Allure', 19, '2018-06-01', 89, 1, 'delivered', '2018-07-23', '2018-07-23');
INSERT INTO Order_Product (shopName, productID, priceStart, orderID, qty, status, statChangeDate, deliveryDate) VALUES ('Cryosell', 7, '2018-06-01', 89, 1, 'delivered', '2018-07-23', '2018-07-23');
INSERT INTO Order_Product (shopName, productID, priceStart, orderID, qty, status, statChangeDate, deliveryDate) VALUES ('Coco Allure', 19, '2018-06-01', 90, 1, 'delivered', '2018-07-23', '2018-07-23');
INSERT INTO Order_Product (shopName, productID, priceStart, orderID, qty, status, statChangeDate, deliveryDate) VALUES ('Cryosell', 7, '2018-06-01', 90, 1, 'delivered', '2018-07-23', '2018-07-23');
INSERT INTO Order_Product (shopName, productID, priceStart, orderID, qty, status, statChangeDate, deliveryDate) VALUES ('Commerce Electro', 3, '2018-07-16', 91, 1, 'delivered', '2018-07-23', '2018-07-23');
INSERT INTO Order_Product (shopName, productID, priceStart, orderID, qty, status, statChangeDate, deliveryDate) VALUES ('Cryosell', 7, '2018-07-16', 91, 1, 'delivered', '2018-07-23', '2018-07-23');
INSERT INTO Order_Product (shopName, productID, priceStart, orderID, qty, status, statChangeDate, deliveryDate) VALUES ('Commerce Electro', 3, '2018-07-16', 92, 1, 'delivered', '2018-07-23', '2018-07-23');
INSERT INTO Order_Product (shopName, productID, priceStart, orderID, qty, status, statChangeDate, deliveryDate) VALUES ('Cryosell', 7, '2018-07-16', 92, 1, 'delivered', '2018-07-23', '2018-07-23');
INSERT INTO Order_Product (shopName, productID, priceStart, orderID, qty, status, statChangeDate, deliveryDate) VALUES ('Commerce Electro', 3, '2018-07-16', 93, 1, 'delivered', '2018-07-23', '2018-07-23');
INSERT INTO Order_Product (shopName, productID, priceStart, orderID, qty, status, statChangeDate, deliveryDate) VALUES ('Cryosell', 7, '2018-07-16', 93, 1, 'delivered', '2018-07-23', '2018-07-23');
INSERT INTO Order_Product (shopName, productID, priceStart, orderID, qty, status, statChangeDate, deliveryDate) VALUES ('Commerce Electro', 3, '2018-07-16', 94, 1, 'delivered', '2018-07-23', '2018-07-23'); 
INSERT INTO Order_Product (shopName, productID, priceStart, orderID, qty, status, statChangeDate, deliveryDate) VALUES ('Cryosell', 7, '2018-07-16', 94, 1, 'delivered', '2018-07-23', '2018-07-23');
INSERT INTO Order_Product (shopName, productID, priceStart, orderID, qty, status, statChangeDate, deliveryDate) VALUES ('Commerce Electro', 3, '2018-07-16', 95, 1, 'delivered', '2018-07-23', '2018-07-23');
INSERT INTO Order_Product (shopName, productID, priceStart, orderID, qty, status, statChangeDate, deliveryDate) VALUES ('Cryosell', 7, '2018-07-16', 95, 1, 'delivered', '2018-07-23', '2018-07-23');
INSERT INTO Order_Product (shopName, productID, priceStart, orderID, qty, status, statChangeDate, deliveryDate) VALUES ('Commerce Electro', 3, '2018-07-16', 96, 1, 'delivered', '2018-07-23', '2018-07-23');
INSERT INTO Order_Product (shopName, productID, priceStart, orderID, qty, status, statChangeDate, deliveryDate) VALUES ('Cryosell', 7, '2018-07-16', 96, 1, 'delivered', '2018-07-23', '2018-07-23');
INSERT INTO Order_Product (shopName, productID, priceStart, orderID, qty, status, statChangeDate, deliveryDate) VALUES ('Commerce Electro', 3, '2018-07-16', 97, 1, 'delivered', '2018-07-23', '2018-07-23');
INSERT INTO Order_Product (shopName, productID, priceStart, orderID, qty, status, statChangeDate, deliveryDate) VALUES ('Cryosell', 7, '2018-07-16', 97, 1, 'delivered', '2018-07-23', '2018-07-23');
INSERT INTO Order_Product (shopName, productID, priceStart, orderID, qty, status, statChangeDate, deliveryDate) VALUES ('Commerce Electro', 3, '2018-07-16', 98, 1, 'delivered', '2018-07-23', '2018-07-23');
INSERT INTO Order_Product (shopName, productID, priceStart, orderID, qty, status, statChangeDate, deliveryDate) VALUES ('Cryosell', 7, '2018-07-16', 98, 1, 'delivered', '2018-07-23', '2018-07-23');
INSERT INTO Order_Product (shopName, productID, priceStart, orderID, qty, status, statChangeDate, deliveryDate) VALUES ('Commerce Electro', 3, '2018-07-16', 99, 1, 'delivered', '2018-07-23', '2018-07-23');
INSERT INTO Order_Product (shopName, productID, priceStart, orderID, qty, status, statChangeDate, deliveryDate) VALUES ('Cryosell', 7, '2018-07-16', 99, 1, 'delivered', '2018-07-23', '2018-07-23');
INSERT INTO Order_Product (shopName, productID, priceStart, orderID, qty, status, statChangeDate, deliveryDate) VALUES ('Commerce Electro', 3, '2018-07-16', 100, 1, 'delivered', '2018-07-23', '2018-07-23');
INSERT INTO Order_Product (shopName, productID, priceStart, orderID, qty, status, statChangeDate, deliveryDate) VALUES ('Cryosell', 7, '2018-07-16', 100, 1, 'delivered', '2018-07-23', '2018-07-23');
INSERT INTO Order_Product (shopName, productID, priceStart, orderID, qty, status, statChangeDate, deliveryDate) VALUES ('Commerce Electro', 3, '2018-07-16', 101, 1, 'delivered', '2018-07-23', '2018-07-23');
INSERT INTO Order_Product (shopName, productID, priceStart, orderID, qty, status, statChangeDate, deliveryDate) VALUES ('Cryosell', 7, '2018-07-16', 101, 1, 'delivered', '2018-07-23', '2018-07-23');
INSERT INTO Order_Product (shopName, productID, priceStart, orderID, qty, status, statChangeDate, deliveryDate) VALUES ('Commerce Electro', 3, '2018-07-16', 102, 1, 'delivered', '2018-07-23', '2018-07-23');
INSERT INTO Order_Product (shopName, productID, priceStart, orderID, qty, status, statChangeDate, deliveryDate) VALUES ('Cryosell', 7, '2018-07-16', 102, 1, 'delivered', '2018-07-23', '2018-07-23');
INSERT INTO Order_Product (shopName, productID, priceStart, orderID, qty, status, statChangeDate, deliveryDate) VALUES ('Commerce Electro', 3, '2018-07-16', 103, 1, 'delivered', '2018-07-23', '2018-07-23');
INSERT INTO Order_Product (shopName, productID, priceStart, orderID, qty, status, statChangeDate, deliveryDate) VALUES ('Cryosell', 7, '2018-07-16', 103, 1, 'delivered', '2018-07-23', '2018-07-23');
INSERT INTO Order_Product (shopName, productID, priceStart, orderID, qty, status, statChangeDate, deliveryDate) VALUES ('Commerce Electro', 3, '2018-07-16', 104, 1, 'delivered', '2018-07-23', '2018-07-23');
INSERT INTO Order_Product (shopName, productID, priceStart, orderID, qty, status, statChangeDate, deliveryDate) VALUES ('Cryosell', 7, '2018-07-16', 104, 1, 'delivered', '2018-07-23', '2018-07-23');
INSERT INTO Order_Product (shopName, productID, priceStart, orderID, qty, status, statChangeDate, deliveryDate) VALUES ('Commerce Electro', 3, '2018-07-16', 105, 1, 'delivered', '2018-07-23', '2018-07-23');
INSERT INTO Order_Product (shopName, productID, priceStart, orderID, qty, status, statChangeDate, deliveryDate) VALUES ('Cryosell', 7, '2018-07-16', 105, 1, 'delivered', '2018-07-23', '2018-07-23');
INSERT INTO Order_Product (shopName, productID, priceStart, orderID, qty, status, statChangeDate, deliveryDate) VALUES ('Coco Allure', 19, '2018-07-16', 106, 1, 'delivered', '2018-07-24', '2018-07-24');
INSERT INTO Order_Product (shopName, productID, priceStart, orderID, qty, status, statChangeDate, deliveryDate) VALUES ('Cryosell', 7, '2018-07-16', 106, 1, 'delivered', '2018-07-24', '2018-07-24');
INSERT INTO Order_Product (shopName, productID, priceStart, orderID, qty, status, statChangeDate, deliveryDate) VALUES ('Coco Allure', 19, '2018-07-16', 107, 1, 'delivered', '2018-07-24', '2018-07-24');
INSERT INTO Order_Product (shopName, productID, priceStart, orderID, qty, status, statChangeDate, deliveryDate) VALUES ('Cryosell', 7, '2018-07-16', 107, 1, 'delivered', '2018-07-24', '2018-07-24');
INSERT INTO Order_Product (shopName, productID, priceStart, orderID, qty, status, statChangeDate, deliveryDate) VALUES ('Coco Allure', 19, '2018-07-16', 108, 1, 'delivered', '2018-07-24', '2018-07-24');
INSERT INTO Order_Product (shopName, productID, priceStart, orderID, qty, status, statChangeDate, deliveryDate) VALUES ('Cryosell', 7, '2018-07-16', 108, 1, 'delivered', '2018-07-24', '2018-07-24');
INSERT INTO Order_Product (shopName, productID, priceStart, orderID, qty, status, statChangeDate, deliveryDate) VALUES ('Coco Allure', 19, '2018-07-16', 109, 1, 'delivered', '2018-07-24', '2018-07-24');
INSERT INTO Order_Product (shopName, productID, priceStart, orderID, qty, status, statChangeDate, deliveryDate) VALUES ('Cryosell', 7, '2018-07-16', 109, 1, 'delivered', '2018-07-24', '2018-07-24'); 
INSERT INTO Order_Product (shopName, productID, priceStart, orderID, qty, status, statChangeDate, deliveryDate) VALUES ('Coco Allure', 19, '2018-07-16', 110, 1, 'delivered', '2018-07-24', '2018-07-24');
INSERT INTO Order_Product (shopName, productID, priceStart, orderID, qty, status, statChangeDate, deliveryDate) VALUES ('Cryosell', 7, '2018-07-16', 110, 1, 'delivered', '2018-07-24', '2018-07-24');
INSERT INTO Order_Product (shopName, productID, priceStart, orderID, qty, status, statChangeDate, deliveryDate) VALUES ('Coco Allure', 19, '2018-07-16', 111, 1, 'delivered', '2018-07-24', '2018-07-24');
INSERT INTO Order_Product (shopName, productID, priceStart, orderID, qty, status, statChangeDate, deliveryDate) VALUES ('Cryosell', 7, '2018-07-16', 111, 1, 'delivered', '2018-07-24', '2018-07-24');
INSERT INTO Order_Product (shopName, productID, priceStart, orderID, qty, status, statChangeDate, deliveryDate) VALUES ('Coco Allure', 19, '2018-07-16', 112, 1, 'delivered', '2018-07-24', '2018-07-24');
INSERT INTO Order_Product (shopName, productID, priceStart, orderID, qty, status, statChangeDate, deliveryDate) VALUES ('Cryosell', 7, '2018-07-16', 112, 1, 'delivered', '2018-07-24', '2018-07-24');
INSERT INTO Order_Product (shopName, productID, priceStart, orderID, qty, status, statChangeDate, deliveryDate) VALUES ('Coco Allure', 19, '2018-07-16', 113, 1, 'delivered', '2018-07-24', '2018-07-24');
INSERT INTO Order_Product (shopName, productID, priceStart, orderID, qty, status, statChangeDate, deliveryDate) VALUES ('Cryosell', 7, '2018-07-16', 113, 1, 'delivered', '2018-07-24', '2018-07-24');
INSERT INTO Order_Product (shopName, productID, priceStart, orderID, qty, status, statChangeDate, deliveryDate) VALUES ('Coco Allure', 19, '2018-07-16', 114, 1, 'delivered', '2018-07-24', '2018-07-24');
INSERT INTO Order_Product (shopName, productID, priceStart, orderID, qty, status, statChangeDate, deliveryDate) VALUES ('Cryosell', 7, '2018-07-16', 114, 1, 'delivered', '2018-07-24', '2018-07-24');
INSERT INTO Order_Product (shopName, productID, priceStart, orderID, qty, status, statChangeDate, deliveryDate) VALUES ('Coco Allure', 19, '2018-07-16', 115, 1, 'delivered', '2018-07-24', '2018-07-24');
INSERT INTO Order_Product (shopName, productID, priceStart, orderID, qty, status, statChangeDate, deliveryDate) VALUES ('Cryosell', 7, '2018-07-16', 115, 1, 'delivered', '2018-07-24', '2018-07-24');
INSERT INTO Order_Product (shopName, productID, priceStart, orderID, qty, status, statChangeDate, deliveryDate) VALUES ('Coco Allure', 19, '2018-07-16', 116, 1, 'delivered', '2018-07-24', '2018-07-24');
INSERT INTO Order_Product (shopName, productID, priceStart, orderID, qty, status, statChangeDate, deliveryDate) VALUES ('Cryosell', 7, '2018-07-16', 116, 1, 'delivered', '2018-07-24', '2018-07-24');
INSERT INTO Order_Product (shopName, productID, priceStart, orderID, qty, status, statChangeDate, deliveryDate) VALUES ('Coco Allure', 19, '2018-07-16', 117, 1, 'delivered', '2018-07-24', '2018-07-24');
INSERT INTO Order_Product (shopName, productID, priceStart, orderID, qty, status, statChangeDate, deliveryDate) VALUES ('Cryosell', 7, '2018-07-16', 117, 1, 'delivered', '2018-07-24', '2018-07-24');
INSERT INTO Order_Product (shopName, productID, priceStart, orderID, qty, status, statChangeDate, deliveryDate) VALUES ('Coco Allure', 19, '2018-07-16', 118, 1, 'delivered', '2018-07-24', '2018-07-24');
INSERT INTO Order_Product (shopName, productID, priceStart, orderID, qty, status, statChangeDate, deliveryDate) VALUES ('Cryosell', 7, '2018-07-16', 118, 1, 'delivered', '2018-07-24', '2018-07-24');
INSERT INTO Order_Product (shopName, productID, priceStart, orderID, qty, status, statChangeDate, deliveryDate) VALUES ('Coco Allure', 19, '2018-07-16', 119, 1, 'delivered', '2018-07-24', '2018-07-24');
INSERT INTO Order_Product (shopName, productID, priceStart, orderID, qty, status, statChangeDate, deliveryDate) VALUES ('Cryosell', 7, '2018-07-16', 119, 1, 'delivered', '2018-07-24', '2018-07-24');
INSERT INTO Order_Product (shopName, productID, priceStart, orderID, qty, status, statChangeDate, deliveryDate) VALUES ('Coco Allure', 19, '2018-07-16', 120, 1, 'delivered', '2018-07-24', '2018-07-24');
INSERT INTO Order_Product (shopName, productID, priceStart, orderID, qty, status, statChangeDate, deliveryDate) VALUES ('Cryosell', 7, '2018-07-16', 120, 1, 'delivered', '2018-07-24', '2018-07-24');
INSERT INTO Order_Product (shopName, productID, priceStart, orderID, qty, status, statChangeDate, deliveryDate) VALUES ('Commerce Electro', 3, '2018-07-16', 121, 1, 'delivered', '2018-08-01', '2018-08-01');
INSERT INTO Order_Product (shopName, productID, priceStart, orderID, qty, status, statChangeDate, deliveryDate) VALUES ('Coco Allure', 19, '2018-07-16', 121, 1, 'delivered', '2018-08-01', '2018-08-01');
INSERT INTO Order_Product (shopName, productID, priceStart, orderID, qty, status, statChangeDate, deliveryDate) VALUES ('Commerce Electro', 3, '2018-07-16', 122, 1, 'delivered', '2018-08-01', '2018-08-01');
INSERT INTO Order_Product (shopName, productID, priceStart, orderID, qty, status, statChangeDate, deliveryDate) VALUES ('Coco Allure', 19, '2018-07-16', 122, 1, 'delivered', '2018-08-01', '2018-08-01');
INSERT INTO Order_Product (shopName, productID, priceStart, orderID, qty, status, statChangeDate, deliveryDate) VALUES ('Commerce Electro', 3, '2018-07-16', 123, 1, 'delivered', '2018-08-02', '2018-08-02');
INSERT INTO Order_Product (shopName, productID, priceStart, orderID, qty, status, statChangeDate, deliveryDate) VALUES ('Coco Allure', 19, '2018-07-16', 123, 1, 'delivered', '2018-08-02', '2018-08-02');
INSERT INTO Order_Product (shopName, productID, priceStart, orderID, qty, status, statChangeDate, deliveryDate) VALUES ('Commerce Electro', 3, '2018-07-16', 124, 1, 'delivered', '2018-08-02', '2018-08-02'); 
INSERT INTO Order_Product (shopName, productID, priceStart, orderID, qty, status, statChangeDate, deliveryDate) VALUES ('Coco Allure', 19, '2018-07-16', 124, 1, 'delivered', '2018-08-02', '2018-08-02');
INSERT INTO Order_Product (shopName, productID, priceStart, orderID, qty, status, statChangeDate, deliveryDate) VALUES ('Commerce Electro', 3, '2018-07-16', 125, 1, 'delivered', '2018-08-03', '2018-08-03');
INSERT INTO Order_Product (shopName, productID, priceStart, orderID, qty, status, statChangeDate, deliveryDate) VALUES ('Coco Allure', 19, '2018-07-16', 125, 1, 'delivered', '2018-08-03', '2018-08-03');
INSERT INTO Order_Product (shopName, productID, priceStart, orderID, qty, status, statChangeDate, deliveryDate) VALUES ('Commerce Electro', 3, '2018-07-16', 126, 1, 'delivered', '2018-08-03', '2018-08-03');
INSERT INTO Order_Product (shopName, productID, priceStart, orderID, qty, status, statChangeDate, deliveryDate) VALUES ('Coco Allure', 19, '2018-07-16', 126, 1, 'delivered', '2018-08-03', '2018-08-03');
INSERT INTO Order_Product (shopName, productID, priceStart, orderID, qty, status, statChangeDate, deliveryDate) VALUES ('Commerce Electro', 3, '2018-07-16', 127, 1, 'delivered', '2018-08-04', '2018-08-04');
INSERT INTO Order_Product (shopName, productID, priceStart, orderID, qty, status, statChangeDate, deliveryDate) VALUES ('Coco Allure', 19, '2018-07-16', 127, 1, 'delivered', '2018-08-04', '2018-08-04');
INSERT INTO Order_Product (shopName, productID, priceStart, orderID, qty, status, statChangeDate, deliveryDate) VALUES ('Commerce Electro', 3, '2018-07-16', 128, 1, 'delivered', '2018-08-04', '2018-08-04');
INSERT INTO Order_Product (shopName, productID, priceStart, orderID, qty, status, statChangeDate, deliveryDate) VALUES ('Coco Allure', 19, '2018-07-16', 128, 1, 'delivered', '2018-08-04', '2018-08-04');
INSERT INTO Order_Product (shopName, productID, priceStart, orderID, qty, status, statChangeDate, deliveryDate) VALUES ('Commerce Electro', 3, '2018-07-16', 129, 1, 'delivered', '2018-08-05', '2018-08-05');
INSERT INTO Order_Product (shopName, productID, priceStart, orderID, qty, status, statChangeDate, deliveryDate) VALUES ('Coco Allure', 19, '2018-07-16', 129, 1, 'delivered', '2018-08-05', '2018-08-05');
INSERT INTO Order_Product (shopName, productID, priceStart, orderID, qty, status, statChangeDate, deliveryDate) VALUES ('Commerce Electro', 3, '2018-07-16', 130, 1, 'delivered', '2018-08-05', '2018-08-05');
INSERT INTO Order_Product (shopName, productID, priceStart, orderID, qty, status, statChangeDate, deliveryDate) VALUES ('Coco Allure', 19, '2018-07-16', 130, 1, 'delivered', '2018-08-05', '2018-08-05');
INSERT INTO Order_Product (shopName, productID, priceStart, orderID, qty, status, statChangeDate, deliveryDate) VALUES ('Commerce Electro', 3, '2018-07-16', 131, 1, 'delivered', '2018-08-05', '2018-08-05');
INSERT INTO Order_Product (shopName, productID, priceStart, orderID, qty, status, statChangeDate, deliveryDate) VALUES ('Coco Allure', 19, '2018-07-16', 131, 1, 'delivered', '2018-08-05', '2018-08-05');
INSERT INTO Order_Product (shopName, productID, priceStart, orderID, qty, status, statChangeDate, deliveryDate) VALUES ('Commerce Electro', 3, '2018-07-16', 132, 1, 'delivered', '2018-08-06', '2018-08-06');
INSERT INTO Order_Product (shopName, productID, priceStart, orderID, qty, status, statChangeDate, deliveryDate) VALUES ('Coco Allure', 19, '2018-07-16', 132, 1, 'delivered', '2018-08-06', '2018-08-06');
INSERT INTO Order_Product (shopName, productID, priceStart, orderID, qty, status, statChangeDate, deliveryDate) VALUES ('Commerce Electro', 3, '2018-07-16', 133, 1, 'delivered', '2018-08-06', '2018-08-06');
INSERT INTO Order_Product (shopName, productID, priceStart, orderID, qty, status, statChangeDate, deliveryDate) VALUES ('Coco Allure', 19, '2018-07-16', 133, 1, 'delivered', '2018-08-06', '2018-08-06');
INSERT INTO Order_Product (shopName, productID, priceStart, orderID, qty, status, statChangeDate, deliveryDate) VALUES ('Commerce Electro', 3, '2018-07-16', 134, 1, 'delivered', '2018-08-07', '2018-08-07');
INSERT INTO Order_Product (shopName, productID, priceStart, orderID, qty, status, statChangeDate, deliveryDate) VALUES ('Coco Allure', 19, '2018-07-16', 134, 1, 'delivered', '2018-08-07', '2018-08-07');
INSERT INTO Order_Product (shopName, productID, priceStart, orderID, qty, status, statChangeDate, deliveryDate) VALUES ('Commerce Electro', 3, '2018-07-16', 135, 1, 'delivered', '2018-08-07', '2018-08-07');
INSERT INTO Order_Product (shopName, productID, priceStart, orderID, qty, status, statChangeDate, deliveryDate) VALUES ('Coco Allure', 19, '2018-07-16', 135, 1, 'delivered', '2018-08-07', '2018-08-07');
INSERT INTO Order_Product (shopName, productID, priceStart, orderID, qty, status, statChangeDate, deliveryDate) VALUES ('Nusell', 4, '2018-07-03', 136, 1, 'delivered', '2018-08-01', '2018-08-01');
INSERT INTO Order_Product (shopName, productID, priceStart, orderID, qty, status, statChangeDate, deliveryDate) VALUES ('Cryosell', 7, '2018-07-16', 137, 1, 'delivered', '2018-08-01', '2018-08-01');
INSERT INTO Order_Product (shopName, productID, priceStart, orderID, qty, status, statChangeDate, deliveryDate) VALUES ('Commerce Electro', 13, '2018-06-01', 138, 1, 'delivered', '2018-08-02', '2018-08-02');
INSERT INTO Order_Product (shopName, productID, priceStart, orderID, qty, status, statChangeDate, deliveryDate) VALUES ('Factory Sports', 21, '2018-07-03', 139, 1, 'delivered', '2018-08-02', '2018-08-02'); 
INSERT INTO Order_Product (shopName, productID, priceStart, orderID, qty, status, statChangeDate, deliveryDate) VALUES ('Commerce Electro', 1, '2018-07-03', 140, 1, 'delivered', '2018-08-03', '2018-08-03');
INSERT INTO Order_Product (shopName, productID, priceStart, orderID, qty, status, statChangeDate, deliveryDate) VALUES ('Nusell', 4, '2018-07-03', 141, 1, 'delivered', '2018-08-03', '2018-08-03');
INSERT INTO Order_Product (shopName, productID, priceStart, orderID, qty, status, statChangeDate, deliveryDate) VALUES ('Cryosell', 7, '2018-07-16', 142, 1, 'delivered', '2018-08-04', '2018-08-04');
INSERT INTO Order_Product (shopName, productID, priceStart, orderID, qty, status, statChangeDate, deliveryDate) VALUES ('Commerce Electro', 13, '2018-06-01', 143, 1, 'delivered', '2018-08-04', '2018-08-04');
INSERT INTO Order_Product (shopName, productID, priceStart, orderID, qty, status, statChangeDate, deliveryDate) VALUES ('Factory Sports', 21, '2018-07-03', 144, 1,   'delivered', '2018-08-05', '2018-08-05');
INSERT INTO Order_Product (shopName, productID, priceStart, orderID, qty, status, statChangeDate, deliveryDate) VALUES ('Commerce Electro', 1, '2018-07-03', 145, 1,  'delivered', '2018-08-05', '2018-08-05');
INSERT INTO Order_Product (shopName, productID, priceStart, orderID, qty, status, statChangeDate, deliveryDate) VALUES ('Nusell', 4, '2018-07-03', 146, 1, 'delivered', '2018-08-05', '2018-08-05');
INSERT INTO Order_Product (shopName, productID, priceStart, orderID, qty, status, statChangeDate, deliveryDate) VALUES ('Cryosell', 7, '2018-07-16', 147, 1, 'delivered', '2018-08-06', '2018-08-06');
INSERT INTO Order_Product (shopName, productID, priceStart, orderID, qty, status, statChangeDate, deliveryDate) VALUES ('Commerce Electro', 13, '2018-06-01', 148, 1,'delivered', '2018-08-06', '2018-08-06');
INSERT INTO Order_Product (shopName, productID, priceStart, orderID, qty, status, statChangeDate, deliveryDate) VALUES ('Factory Sports', 21, '2018-07-03', 149, 1,  'delivered', '2018-08-07', '2018-08-07');
INSERT INTO Order_Product (shopName, productID, priceStart, orderID, qty, status, statChangeDate, deliveryDate) VALUES ('Commerce Electro', 1, '2018-07-03', 150, 1, 'delivered', '2018-08-07', '2018-08-07');
INSERT INTO Order_Product (shopName, productID, priceStart, orderID, qty, status, statChangeDate, deliveryDate) VALUES ('Commerce Electro', 3, '2018-07-16', 151, 1, 'delivered', '2018-08-08', '2018-08-08');
INSERT INTO Order_Product (shopName, productID, priceStart, orderID, qty, status, statChangeDate, deliveryDate) VALUES ('Commerce Electro', 3, '2018-07-16', 152, 1, 'delivered', '2018-08-08', '2018-08-08');
INSERT INTO Order_Product (shopName, productID, priceStart, orderID, qty, status, statChangeDate, deliveryDate) VALUES ('Commerce Electro', 3, '2018-07-16', 153, 1, 'delivered', '2018-08-08', '2018-08-08');
INSERT INTO Order_Product (shopName, productID, priceStart, orderID, qty, status, statChangeDate, deliveryDate) VALUES ('Commerce Electro', 3, '2018-07-16', 154, 1, 'delivered', '2018-08-09', '2018-08-09'); 
INSERT INTO Order_Product (shopName, productID, priceStart, orderID, qty, status, statChangeDate, deliveryDate) VALUES ('Commerce Electro', 3, '2018-07-16', 155, 1, 'delivered', '2018-08-09', '2018-08-09');
INSERT INTO Order_Product (shopName, productID, priceStart, orderID, qty, status, statChangeDate, deliveryDate) VALUES ('Commerce Electro', 3, '2018-07-16', 156, 1, 'delivered', '2018-08-09', '2018-08-09');
INSERT INTO Order_Product (shopName, productID, priceStart, orderID, qty, status, statChangeDate, deliveryDate) VALUES ('Commerce Electro', 3, '2018-07-16', 157, 1, 'delivered', '2018-08-10', '2018-08-10');
INSERT INTO Order_Product (shopName, productID, priceStart, orderID, qty, status, statChangeDate, deliveryDate) VALUES ('Commerce Electro', 3, '2018-07-16', 158, 1, 'delivered', '2018-08-10', '2018-08-10');
INSERT INTO Order_Product (shopName, productID, priceStart, orderID, qty, status, statChangeDate, deliveryDate) VALUES ('Commerce Electro', 3, '2018-07-16', 159, 1, 'delivered', '2018-08-10', '2018-08-10');
INSERT INTO Order_Product (shopName, productID, priceStart, orderID, qty, status, statChangeDate, deliveryDate) VALUES ('Commerce Electro', 3, '2018-07-16', 160, 1, 'delivered', '2018-08-11', '2018-08-11');
INSERT INTO Order_Product (shopName, productID, priceStart, orderID, qty, status, statChangeDate, deliveryDate) VALUES ('Commerce Electro', 3, '2018-07-16', 161, 1, 'delivered', '2018-08-12', '2018-08-12');
INSERT INTO Order_Product (shopName, productID, priceStart, orderID, qty, status, statChangeDate, deliveryDate) VALUES ('Commerce Electro', 3, '2018-07-16', 162, 1, 'delivered', '2018-08-13', '2018-08-13');
INSERT INTO Order_Product (shopName, productID, priceStart, orderID, qty, status, statChangeDate, deliveryDate) VALUES ('Commerce Electro', 3, '2018-07-16', 163, 1, 'delivered', '2018-08-14', '2018-08-14');
INSERT INTO Order_Product (shopName, productID, priceStart, orderID, qty, status, statChangeDate, deliveryDate) VALUES ('Commerce Electro', 3, '2018-07-16', 164, 1, 'delivered', '2018-08-14', '2018-08-14');
INSERT INTO Order_Product (shopName, productID, priceStart, orderID, qty, status, statChangeDate, deliveryDate) VALUES ('Commerce Electro', 3, '2018-07-16', 165, 1, 'delivered', '2018-08-14', '2018-08-14');
INSERT INTO Order_Product (shopName, productID, priceStart, orderID, qty, status, statChangeDate, deliveryDate) VALUES ('Commerce Electro', 2, '2018-08-07', 166, 1, 'delivered', '2018-08-10', '2018-08-10');
INSERT INTO Order_Product (shopName, productID, priceStart, orderID, qty, status, statChangeDate, deliveryDate) VALUES ('Cryosell', 7, '2018-08-07', 166, 1, 'delivered', '2018-08-10', '2018-08-10');
INSERT INTO Order_Product (shopName, productID, priceStart, orderID, qty, status, statChangeDate, deliveryDate) VALUES ('Factory Sports', 22, '2018-08-07', 167, 1, 'delivered', '2018-08-11', '2018-08-11');
INSERT INTO Order_Product (shopName, productID, priceStart, orderID, qty, status, statChangeDate, deliveryDate) VALUES ('Cryosell', 7, '2018-08-07', 167, 1, 'delivered', '2018-08-11', '2018-08-11');
INSERT INTO Order_Product (shopName, productID, priceStart, orderID, qty, status, statChangeDate, deliveryDate) VALUES ('Factory Sports', 24, '2018-07-17', 168, 1, 'delivered', '2018-08-12', '2018-08-12');
INSERT INTO Order_Product (shopName, productID, priceStart, orderID, qty, status, statChangeDate, deliveryDate) VALUES ('Cryosell', 6, '2018-08-05', 169, 1, 'delivered', '2018-08-13', '2018-08-13');
INSERT INTO Order_Product (shopName, productID, priceStart, orderID, qty, status, statChangeDate, deliveryDate) VALUES ('Cryosell', 7, '2018-08-07', 169, 1, 'delivered', '2018-08-13', '2018-08-13');
INSERT INTO Order_Product (shopName, productID, priceStart, orderID, qty, status, statChangeDate, deliveryDate) VALUES ('Cryosell', 8, '2018-07-16', 170, 1, 'delivered', '2018-08-14', '2018-08-14'); 
INSERT INTO Order_Product (shopName, productID, priceStart, orderID, qty, status, statChangeDate, deliveryDate) VALUES ('Cryosell', 7, '2018-08-07', 170, 1, 'delivered', '2018-08-14', '2018-08-14');
INSERT INTO Order_Product (shopName, productID, priceStart, orderID, qty, status, statChangeDate, deliveryDate) VALUES ('Commerce Electro', 2, '2018-08-07', 171, 1, 'delivered', '2018-08-12', '2018-08-12');
INSERT INTO Order_Product (shopName, productID, priceStart, orderID, qty, status, statChangeDate, deliveryDate) VALUES ('Cryosell', 7, '2018-08-07', 171, 1, 'delivered', '2018-08-12', '2018-08-12');
INSERT INTO Order_Product (shopName, productID, priceStart, orderID, qty, status, statChangeDate, deliveryDate) VALUES ('Factory Sports', 22, '2018-08-07', 172, 1, 'delivered', '2018-08-12', '2018-08-12');
INSERT INTO Order_Product (shopName, productID, priceStart, orderID, qty, status, statChangeDate, deliveryDate) VALUES ('Cryosell', 7, '2018-08-07', 172, 1, 'delivered', '2018-08-12', '2018-08-12');
INSERT INTO Order_Product (shopName, productID, priceStart, orderID, qty, status, statChangeDate, deliveryDate) VALUES ('Factory Sports', 24, '2018-07-17', 173, 1, 'delivered', '2018-08-12', '2018-08-12');
INSERT INTO Order_Product (shopName, productID, priceStart, orderID, qty, status, statChangeDate, deliveryDate) VALUES ('Cryosell', 7, '2018-08-07', 173, 1, 'delivered', '2018-08-12', '2018-08-12');
INSERT INTO Order_Product (shopName, productID, priceStart, orderID, qty, status, statChangeDate, deliveryDate) VALUES ('Cryosell', 6, '2018-08-05', 174, 1, 'delivered', '2018-08-13', '2018-08-13');
INSERT INTO Order_Product (shopName, productID, priceStart, orderID, qty, status, statChangeDate, deliveryDate) VALUES ('Cryosell', 7, '2018-08-07', 174, 1, 'delivered', '2018-08-13', '2018-08-13');
INSERT INTO Order_Product (shopName, productID, priceStart, orderID, qty, status, statChangeDate, deliveryDate) VALUES ('Cryosell', 8, '2018-07-16', 175, 1, 'delivered', '2018-08-13', '2018-08-13');
INSERT INTO Order_Product (shopName, productID, priceStart, orderID, qty, status, statChangeDate, deliveryDate) VALUES ('Cryosell', 7, '2018-08-07', 175, 1, 'delivered', '2018-08-13', '2018-08-13');
INSERT INTO Order_Product (shopName, productID, priceStart, orderID, qty, status, statChangeDate, deliveryDate) VALUES ('Commerce Electro', 2, '2018-08-07',176, 1, 'delivered', '2018-08-13', '2018-08-13');
INSERT INTO Order_Product (shopName, productID, priceStart, orderID, qty, status, statChangeDate, deliveryDate) VALUES ('Cryosell', 7, '2018-08-07', 176, 1, 'delivered', '2018-08-13', '2018-08-13');
INSERT INTO Order_Product (shopName, productID, priceStart, orderID, qty, status, statChangeDate, deliveryDate) VALUES ('Factory Sports', 22, '2018-08-07', 177, 1, 'delivered', '2018-08-15', '2018-08-15');
INSERT INTO Order_Product (shopName, productID, priceStart, orderID, qty, status, statChangeDate, deliveryDate) VALUES ('Cryosell', 7, '2018-08-07', 177, 1, 'delivered', '2018-08-15', '2018-08-15');
INSERT INTO Order_Product (shopName, productID, priceStart, orderID, qty, status, statChangeDate, deliveryDate) VALUES ('Factory Sports', 24, '2018-07-17', 178, 1, 'delivered', '2018-08-15', '2018-08-15');
INSERT INTO Order_Product (shopName, productID, priceStart, orderID, qty, status, statChangeDate, deliveryDate) VALUES ('Cryosell', 7, '2018-08-07', 178, 1, 'delivered', '2018-08-15', '2018-08-15');
INSERT INTO Order_Product (shopName, productID, priceStart, orderID, qty, status, statChangeDate, deliveryDate) VALUES ('Cryosell', 6, '2018-08-05', 179, 1, 'delivered', '2018-08-15', '2018-08-15');
INSERT INTO Order_Product (shopName, productID, priceStart, orderID, qty, status, statChangeDate, deliveryDate) VALUES ('Cryosell', 7, '2018-08-07', 179, 1, 'delivered', '2018-08-15', '2018-08-15');
INSERT INTO Order_Product (shopName, productID, priceStart, orderID, qty, status, statChangeDate, deliveryDate) VALUES ('Cryosell', 8, '2018-07-16', 180, 1, 'delivered', '2018-08-15', '2018-08-15');
INSERT INTO Order_Product (shopName, productID, priceStart, orderID, qty, status, statChangeDate, deliveryDate) VALUES ('Cryosell', 7, '2018-08-07', 180, 1, 'delivered', '2018-08-15', '2018-08-15');
INSERT INTO Order_Product (shopName, productID, priceStart, orderID, qty, status, statChangeDate, deliveryDate) VALUES ('Commerce Electro', 3, '2018-08-10', 181, 1, 'delivered', '2018-08-20', '2018-08-20');
INSERT INTO Order_Product (shopName, productID, priceStart, orderID, qty, status, statChangeDate, deliveryDate) VALUES ('Cryosell', 7, '2018-08-07', 181, 1, 'delivered', '2018-08-20', '2018-08-20');
INSERT INTO Order_Product (shopName, productID, priceStart, orderID, qty, status, statChangeDate, deliveryDate) VALUES ('Commerce Electro', 3, '2018-08-10', 182, 1, 'delivered', '2018-08-20', '2018-08-20');
INSERT INTO Order_Product (shopName, productID, priceStart, orderID, qty, status, statChangeDate, deliveryDate) VALUES ('Cryosell', 7, '2018-08-07', 182, 1, 'delivered', '2018-08-20', '2018-08-20');
INSERT INTO Order_Product (shopName, productID, priceStart, orderID, qty, status, statChangeDate, deliveryDate) VALUES ('Commerce Electro', 3, '2018-08-10', 183, 1, 'delivered', '2018-08-20', '2018-08-20');
INSERT INTO Order_Product (shopName, productID, priceStart, orderID, qty, status, statChangeDate, deliveryDate) VALUES ('Cryosell', 7, '2018-08-07', 183, 1, 'delivered', '2018-08-20', '2018-08-20');
INSERT INTO Order_Product (shopName, productID, priceStart, orderID, qty, status, statChangeDate, deliveryDate) VALUES ('Commerce Electro', 3, '2018-08-10', 184, 1, 'delivered', '2018-08-21', '2018-08-21');
INSERT INTO Order_Product (shopName, productID, priceStart, orderID, qty, status, statChangeDate, deliveryDate) VALUES ('Cryosell', 7, '2018-08-07', 184, 1, 'delivered', '2018-08-21', '2018-08-21');
INSERT INTO Order_Product (shopName, productID, priceStart, orderID, qty, status, statChangeDate, deliveryDate) VALUES ('Commerce Electro', 3, '2018-08-10', 185, 1, 'delivered', '2018-08-21', '2018-08-21');
INSERT INTO Order_Product (shopName, productID, priceStart, orderID, qty, status, statChangeDate, deliveryDate) VALUES ('Cryosell', 7, '2018-08-07', 185, 1, 'delivered', '2018-08-21', '2018-08-21');
INSERT INTO Order_Product (shopName, productID, priceStart, orderID, qty, status, statChangeDate, deliveryDate) VALUES ('Commerce Electro', 3, '2018-08-10', 186, 1, 'delivered', '2018-08-21', '2018-08-21');
INSERT INTO Order_Product (shopName, productID, priceStart, orderID, qty, status, statChangeDate, deliveryDate) VALUES ('Cryosell', 7, '2018-08-07', 186, 1, 'delivered', '2018-08-21', '2018-08-21');
INSERT INTO Order_Product (shopName, productID, priceStart, orderID, qty, status, statChangeDate, deliveryDate) VALUES ('Commerce Electro', 3, '2018-08-10', 187, 1, 'delivered', '2018-08-22', '2018-08-22');
INSERT INTO Order_Product (shopName, productID, priceStart, orderID, qty, status, statChangeDate, deliveryDate) VALUES ('Cryosell', 7, '2018-08-07', 187, 1, 'delivered', '2018-08-22', '2018-08-22');
INSERT INTO Order_Product (shopName, productID, priceStart, orderID, qty, status, statChangeDate, deliveryDate) VALUES ('Commerce Electro', 3, '2018-08-10', 188, 1, 'delivered', '2018-08-22', '2018-08-22');
INSERT INTO Order_Product (shopName, productID, priceStart, orderID, qty, status, statChangeDate, deliveryDate) VALUES ('Cryosell', 7, '2018-08-07', 188, 1, 'delivered', '2018-08-22', '2018-08-22');
INSERT INTO Order_Product (shopName, productID, priceStart, orderID, qty, status, statChangeDate, deliveryDate) VALUES ('Commerce Electro', 3, '2018-08-10', 189, 1, 'delivered', '2018-08-22', '2018-08-22');
INSERT INTO Order_Product (shopName, productID, priceStart, orderID, qty, status, statChangeDate, deliveryDate) VALUES ('Cryosell', 7, '2018-08-07', 189, 1, 'delivered', '2018-08-22', '2018-08-22');
INSERT INTO Order_Product (shopName, productID, priceStart, orderID, qty, status, statChangeDate, deliveryDate) VALUES ('Commerce Electro', 3, '2018-08-10', 190, 1, 'delivered', '2018-08-23', '2018-08-23');
INSERT INTO Order_Product (shopName, productID, priceStart, orderID, qty, status, statChangeDate, deliveryDate) VALUES ('Cryosell', 7, '2018-08-07', 190, 1, 'delivered', '2018-08-23', '2018-08-23');
INSERT INTO Order_Product (shopName, productID, priceStart, orderID, qty, status, statChangeDate, deliveryDate) VALUES ('Nusell', 4, '2018-08-05', 191, 1, 'delivered', '2018-08-24', '2018-08-24');
INSERT INTO Order_Product (shopName, productID, priceStart, orderID, qty, status, statChangeDate, deliveryDate) VALUES ('Cryosell', 7, '2018-08-07', 191, 1, 'delivered', '2018-08-24', '2018-08-24');
INSERT INTO Order_Product (shopName, productID, priceStart, orderID, qty, status, statChangeDate, deliveryDate) VALUES ('Cryosell', 7, '2018-08-07', 192, 1, 'delivered', '2018-08-24', '2018-08-24');
INSERT INTO Order_Product (shopName, productID, priceStart, orderID, qty, status, statChangeDate, deliveryDate) VALUES ('Commerce Electro', 13, '2018-08-15', 193, 1, 'delivered', '2018-08-24', '2018-08-24');
INSERT INTO Order_Product (shopName, productID, priceStart, orderID, qty, status, statChangeDate, deliveryDate) VALUES ('Cryosell', 7, '2018-08-07', 193, 1, 'delivered', '2018-08-24', '2018-08-24');
INSERT INTO Order_Product (shopName, productID, priceStart, orderID, qty, status, statChangeDate, deliveryDate) VALUES ('Factory Sports', 21, '2018-08-05', 194, 1, 'delivered', '2018-08-24', '2018-08-24');
INSERT INTO Order_Product (shopName, productID, priceStart, orderID, qty, status, statChangeDate, deliveryDate) VALUES ('Cryosell', 7, '2018-08-07', 194, 1, 'delivered', '2018-08-24', '2018-08-24');
INSERT INTO Order_Product (shopName, productID, priceStart, orderID, qty, status, statChangeDate, deliveryDate) VALUES ('Commerce Electro', 1, '2018-08-05', 195, 1, 'delivered', '2018-08-24', '2018-08-24');
INSERT INTO Order_Product (shopName, productID, priceStart, orderID, qty, status, statChangeDate, deliveryDate) VALUES ('Cryosell', 7, '2018-08-07', 195, 1, 'delivered', '2018-08-24', '2018-08-24');
INSERT INTO Order_Product (shopName, productID, priceStart, orderID, qty, status, statChangeDate, deliveryDate) VALUES ('Commerce Electro', 2, '2018-08-07', 196, 1, 'delivered', '2018-08-25', '2018-08-25');
INSERT INTO Order_Product (shopName, productID, priceStart, orderID, qty, status, statChangeDate, deliveryDate) VALUES ('Cryosell', 7, '2018-08-07', 196, 1, 'delivered', '2018-08-25', '2018-08-25');
INSERT INTO Order_Product (shopName, productID, priceStart, orderID, qty, status, statChangeDate, deliveryDate) VALUES ('Factory Sports', 22, '2018-08-07', 197, 1, 'delivered', '2018-08-25', '2018-08-25');
INSERT INTO Order_Product (shopName, productID, priceStart, orderID, qty, status, statChangeDate, deliveryDate) VALUES ('Cryosell', 7, '2018-08-07', 197, 1, 'delivered', '2018-08-25', '2018-08-25');
INSERT INTO Order_Product (shopName, productID, priceStart, orderID, qty, status, statChangeDate, deliveryDate) VALUES ('Factory Sports', 24, '2018-08-13', 198, 1, 'delivered', '2018-08-25', '2018-08-25');
INSERT INTO Order_Product (shopName, productID, priceStart, orderID, qty, status, statChangeDate, deliveryDate) VALUES ('Cryosell', 7, '2018-08-07', 198, 1, 'delivered', '2018-08-25', '2018-08-25');
INSERT INTO Order_Product (shopName, productID, priceStart, orderID, qty, status, statChangeDate, deliveryDate) VALUES ('Cryosell', 6, '2018-08-05', 199, 1, 'delivered', '2018-08-25', '2018-08-25');
INSERT INTO Order_Product (shopName, productID, priceStart, orderID, qty, status, statChangeDate, deliveryDate) VALUES ('Cryosell', 7, '2018-08-07', 199, 1, 'delivered', '2018-08-25', '2018-08-25');
INSERT INTO Order_Product (shopName, productID, priceStart, orderID, qty, status, statChangeDate, deliveryDate) VALUES ('Cryosell', 8, '2018-08-10', 200, 1, 'delivered', '2018-08-25', '2018-08-25');  
INSERT INTO Order_Product (shopName, productID, priceStart, orderID, qty, status, statChangeDate, deliveryDate) VALUES ('Cryosell', 7, '2018-08-07', 200, 1, 'delivered', '2018-08-25', '2018-08-25');   
  
-- Product_Rating Table
INSERT INTO Product_Rating (shopName, productID, priceStart, orderID, userID, rating, ratingDate) VALUES ('Commerce Electro',3,'2018-06-01',1,1,5,'2018-08-01');
INSERT INTO Product_Rating (shopName, productID, priceStart, orderID, userID, rating, ratingDate) VALUES ('Commerce Electro',13,'2018-06-01',1,1,4,'2018-08-01');
INSERT INTO Product_Rating (shopName, productID, priceStart, orderID, userID, rating, ratingDate) VALUES ('Cryosell',4,'2018-06-01',1,1,1,'2018-08-01');
INSERT INTO Product_Rating (shopName, productID, priceStart, orderID, userID, rating, ratingDate) VALUES ('Factory Sports',19,'2018-06-01',1,1,4,'2018-08-01');
INSERT INTO Product_Rating (shopName, productID, priceStart, orderID, userID, rating, ratingDate) VALUES ('Factory Sports',23,'2018-06-01',1,1,4,'2018-08-01');
INSERT INTO Product_Rating (shopName, productID, priceStart, orderID, userID, rating, ratingDate) VALUES ('Factory Sports',21,'2018-06-01',2,2,1,'2018-08-02');
INSERT INTO Product_Rating (shopName, productID, priceStart, orderID, userID, rating, ratingDate) VALUES ('Nusell',25,'2018-06-01',2,2,1,'2018-08-02');
INSERT INTO Product_Rating (shopName, productID, priceStart, orderID, userID, rating, ratingDate) VALUES ('Commerce Electro',2,'2018-06-01',2,2,3,'2018-08-02');
INSERT INTO Product_Rating (shopName, productID, priceStart, orderID, userID, rating, ratingDate) VALUES ('Coco Allure',19,'2018-06-01',2,2,2,'2018-08-02');
INSERT INTO Product_Rating (shopName, productID, priceStart, orderID, userID, rating, ratingDate) VALUES ('Commerce Electro',3,'2018-06-01',2,2,5,'2018-08-02');
INSERT INTO Product_Rating (shopName, productID, priceStart, orderID, userID, rating, ratingDate) VALUES ('Commerce Electro',3,'2018-06-01',3,3,5,'2018-08-03');
INSERT INTO Product_Rating (shopName, productID, priceStart, orderID, userID, rating, ratingDate) VALUES ('Factory Sports',19,'2018-06-01',3,3,1,'2018-08-03');
INSERT INTO Product_Rating (shopName, productID, priceStart, orderID, userID, rating, ratingDate) VALUES ('Factory Sports',22,'2018-06-01',3,3,4,'2018-08-03');
INSERT INTO Product_Rating (shopName, productID, priceStart, orderID, userID, rating, ratingDate) VALUES ('Cryosell',4,'2018-06-01',3,3,3,'2018-08-03');
INSERT INTO Product_Rating (shopName, productID, priceStart, orderID, userID, rating, ratingDate) VALUES ('Cryosell',9,'2018-06-01',3,3,5,'2018-08-03');
INSERT INTO Product_Rating (shopName, productID, priceStart, orderID, userID, rating, ratingDate) VALUES ('Cryosell',9,'2018-06-01',4,4,1,'2018-08-03');
INSERT INTO Product_Rating (shopName, productID, priceStart, orderID, userID, rating, ratingDate) VALUES ('Factory Sports',23,'2018-06-01',4,4,4,'2018-08-04');
INSERT INTO Product_Rating (shopName, productID, priceStart, orderID, userID, rating, ratingDate) VALUES ('Factory Sports',24,'2018-06-01',4,4,2,'2018-08-04');
INSERT INTO Product_Rating (shopName, productID, priceStart, orderID, userID, rating, ratingDate) VALUES ('Commerce Electro',3,'2018-06-01',4,4,5,'2018-08-04');
INSERT INTO Product_Rating (shopName, productID, priceStart, orderID, userID, rating, ratingDate) VALUES ('Commerce Electro',1,'2018-06-01',4,4,1,'2018-08-04');
INSERT INTO Product_Rating (shopName, productID, priceStart, orderID, userID, rating, ratingDate) VALUES ('Commerce Electro',2,'2018-06-01',5,5,4,'2018-08-04');
INSERT INTO Product_Rating (shopName, productID, priceStart, orderID, userID, rating, ratingDate) VALUES ('Coco Allure',11,'2018-06-01',5,5,1,'2018-08-04');
INSERT INTO Product_Rating (shopName, productID, priceStart, orderID, userID, rating, ratingDate) VALUES ('Coco Allure',19,'2018-06-01',5,5,5,'2018-08-04');
INSERT INTO Product_Rating (shopName, productID, priceStart, orderID, userID, rating, ratingDate) VALUES ('Nusell',13,'2018-06-01',5,5,4,'2018-08-04');
INSERT INTO Product_Rating (shopName, productID, priceStart, orderID, userID, rating, ratingDate) VALUES ('Nusell',16,'2018-06-01',5,5,3,'2018-08-05');
INSERT INTO Product_Rating (shopName, productID, priceStart, orderID, userID, rating, ratingDate) VALUES ('Factory Sports',23,'2018-06-01',6,1,2,'2018-08-05');
INSERT INTO Product_Rating (shopName, productID, priceStart, orderID, userID, rating, ratingDate) VALUES ('Factory Sports',19,'2018-06-01',6,1,1,'2018-08-05');
INSERT INTO Product_Rating (shopName, productID, priceStart, orderID, userID, rating, ratingDate) VALUES ('Commerce Electro',5,'2018-06-01',6,1,4,'2018-08-05');
INSERT INTO Product_Rating (shopName, productID, priceStart, orderID, userID, rating, ratingDate) VALUES ('Commerce Electro',14,'2018-06-01',6,1,3,'2018-08-05');
INSERT INTO Product_Rating (shopName, productID, priceStart, orderID, userID, rating, ratingDate) VALUES ('Commerce Electro',3,'2018-06-01',6,1,5,'2018-08-05');
INSERT INTO Product_Rating (shopName, productID, priceStart, orderID, userID, rating, ratingDate) VALUES ('Commerce Electro',5,'2018-06-01',7,2,2,'2018-08-05');
INSERT INTO Product_Rating (shopName, productID, priceStart, orderID, userID, rating, ratingDate) VALUES ('Coco Allure',18,'2018-06-01',7,2,5,'2018-08-05');
INSERT INTO Product_Rating (shopName, productID, priceStart, orderID, userID, rating, ratingDate) VALUES ('Factory Sports',22,'2018-06-01',7,2,4,'2018-08-06');
INSERT INTO Product_Rating (shopName, productID, priceStart, orderID, userID, rating, ratingDate) VALUES ('Coco Allure',20,'2018-06-01',7,2,3,'2018-08-06');
INSERT INTO Product_Rating (shopName, productID, priceStart, orderID, userID, rating, ratingDate) VALUES ('Factory Sports',25,'2018-06-01',7,2,4,'2018-08-06');
INSERT INTO Product_Rating (shopName, productID, priceStart, orderID, userID, rating, ratingDate) VALUES ('Cryosell',13,'2018-06-01',8,3,3,'2018-08-06');
INSERT INTO Product_Rating (shopName, productID, priceStart, orderID, userID, rating, ratingDate) VALUES ('Factory Sports',21,'2018-06-01',8,3,1,'2018-08-06');
INSERT INTO Product_Rating (shopName, productID, priceStart, orderID, userID, rating, ratingDate) VALUES ('Commerce Electro',2,'2018-06-01',8,3,4,'2018-08-06');
INSERT INTO Product_Rating (shopName, productID, priceStart, orderID, userID, rating, ratingDate) VALUES ('Cryosell',6,'2018-06-01',8,3,3,'2018-08-06');
INSERT INTO Product_Rating (shopName, productID, priceStart, orderID, userID, rating, ratingDate) VALUES ('Commerce Electro',3,'2018-06-01',8,3,5,'2018-08-06');
INSERT INTO Product_Rating (shopName, productID, priceStart, orderID, userID, rating, ratingDate) VALUES ('Coco Allure',11,'2018-06-01',9,4,1,'2018-08-06');
INSERT INTO Product_Rating (shopName, productID, priceStart, orderID, userID, rating, ratingDate) VALUES ('Coco Allure',19,'2018-06-01',9,4,5,'2018-08-07');
INSERT INTO Product_Rating (shopName, productID, priceStart, orderID, userID, rating, ratingDate) VALUES ('Cryosell',7,'2018-06-01',9,4,5,'2018-08-07');
INSERT INTO Product_Rating (shopName, productID, priceStart, orderID, userID, rating, ratingDate) VALUES ('Nusell',25,'2018-06-01',9,4,3,'2018-08-07');
INSERT INTO Product_Rating (shopName, productID, priceStart, orderID, userID, rating, ratingDate) VALUES ('Nusell',14,'2018-06-01',9,4,1,'2018-08-07');
INSERT INTO Product_Rating (shopName, productID, priceStart, orderID, userID, rating, ratingDate) VALUES ('Cryosell',10,'2018-06-01',10,5,5,'2018-08-07');
INSERT INTO Product_Rating (shopName, productID, priceStart, orderID, userID, rating, ratingDate) VALUES ('Factory Sports',22,'2018-06-01',10,5,4,'2018-08-07');
INSERT INTO Product_Rating (shopName, productID, priceStart, orderID, userID, rating, ratingDate) VALUES ('Commerce Electro',14,'2018-06-01',10,5,3,'2018-08-07');
INSERT INTO Product_Rating (shopName, productID, priceStart, orderID, userID, rating, ratingDate) VALUES ('Commerce Electro',4,'2018-06-01',10,5,1,'2018-08-07');
INSERT INTO Product_Rating (shopName, productID, priceStart, orderID, userID, rating, ratingDate) VALUES ('Commerce Electro',5,'2018-06-01',10,5,1,'2018-08-07');
INSERT INTO Product_Rating (shopName, productID, priceStart, orderID, userID, rating, ratingDate) VALUES ('Coco Allure',12,'2018-06-01',11,1,4,'2018-08-08');
INSERT INTO Product_Rating (shopName, productID, priceStart, orderID, userID, rating, ratingDate) VALUES ('Commerce Electro',1,'2018-06-01',11,1,3,'2018-08-08');
INSERT INTO Product_Rating (shopName, productID, priceStart, orderID, userID, rating, ratingDate) VALUES ('Coco Allure',19,'2018-06-01',11,1,2,'2018-08-08');
INSERT INTO Product_Rating (shopName, productID, priceStart, orderID, userID, rating, ratingDate) VALUES ('Cryosell',7,'2018-06-01',11,1,5,'2018-08-08');
INSERT INTO Product_Rating (shopName, productID, priceStart, orderID, userID, rating, ratingDate) VALUES ('Nusell',25,'2018-06-01',11,1,4,'2018-08-08');
INSERT INTO Product_Rating (shopName, productID, priceStart, orderID, userID, rating, ratingDate) VALUES ('Nusell',16,'2018-06-01',12,2,5,'2018-08-08');
INSERT INTO Product_Rating (shopName, productID, priceStart, orderID, userID, rating, ratingDate) VALUES ('Nusell',4,'2018-06-01',12,2,5,'2018-08-08');
INSERT INTO Product_Rating (shopName, productID, priceStart, orderID, userID, rating, ratingDate) VALUES ('Cryosell',4,'2018-06-01',12,2,4,'2018-08-08');
INSERT INTO Product_Rating (shopName, productID, priceStart, orderID, userID, rating, ratingDate) VALUES ('Factory Sports',19,'2018-06-01',12,2,3,'2018-08-08');
INSERT INTO Product_Rating (shopName, productID, priceStart, orderID, userID, rating, ratingDate) VALUES ('Commerce Electro',4,'2018-06-01',12,2,3,'2018-08-08');
INSERT INTO Product_Rating (shopName, productID, priceStart, orderID, userID, rating, ratingDate) VALUES ('Commerce Electro',13,'2018-06-01',13,3,3,'2018-08-09');
INSERT INTO Product_Rating (shopName, productID, priceStart, orderID, userID, rating, ratingDate) VALUES ('Commerce Electro',1,'2018-06-01',13,3,3,'2018-08-09');
INSERT INTO Product_Rating (shopName, productID, priceStart, orderID, userID, rating, ratingDate) VALUES ('Coco Allure',11,'2018-06-01',13,3,3,'2018-08-09');
INSERT INTO Product_Rating (shopName, productID, priceStart, orderID, userID, rating, ratingDate) VALUES ('Coco Allure',19,'2018-06-01',13,3,3,'2018-08-09');
INSERT INTO Product_Rating (shopName, productID, priceStart, orderID, userID, rating, ratingDate) VALUES ('Factory Sports',23,'2018-06-01',13,3,3,'2018-08-09');
INSERT INTO Product_Rating (shopName, productID, priceStart, orderID, userID, rating, ratingDate) VALUES ('Cryosell',9,'2018-06-01',14,4,3,'2018-08-09');
INSERT INTO Product_Rating (shopName, productID, priceStart, orderID, userID, rating, ratingDate) VALUES ('Cryosell',7,'2018-06-01',14,4,5,'2018-08-09');
INSERT INTO Product_Rating (shopName, productID, priceStart, orderID, userID, rating, ratingDate) VALUES ('Factory Sports',25,'2018-06-01',14,4,3,'2018-08-09');
INSERT INTO Product_Rating (shopName, productID, priceStart, orderID, userID, rating, ratingDate) VALUES ('Coco Allure',11,'2018-06-01',14,4,3,'2018-08-09');
INSERT INTO Product_Rating (shopName, productID, priceStart, orderID, userID, rating, ratingDate) VALUES ('Coco Allure',12,'2018-06-01',14,4,3,'2018-08-09');
INSERT INTO Product_Rating (shopName, productID, priceStart, orderID, userID, rating, ratingDate) VALUES ('Coco Allure',18,'2018-06-01',15,5,1,'2018-08-09');
INSERT INTO Product_Rating (shopName, productID, priceStart, orderID, userID, rating, ratingDate) VALUES ('Commerce Electro',13,'2018-06-01',15,5,4,'2018-08-09');
INSERT INTO Product_Rating (shopName, productID, priceStart, orderID, userID, rating, ratingDate) VALUES ('Commerce Electro',5,'2018-06-01',15,5,3,'2018-08-09');
INSERT INTO Product_Rating (shopName, productID, priceStart, orderID, userID, rating, ratingDate) VALUES ('Cryosell',7,'2018-06-01',15,5,5,'2018-08-09');
INSERT INTO Product_Rating (shopName, productID, priceStart, orderID, userID, rating, ratingDate) VALUES ('Factory Sports',19,'2018-06-01',15,5,4,'2018-08-09');
INSERT INTO Product_Rating (shopName, productID, priceStart, orderID, userID, rating, ratingDate) VALUES ('Commerce Electro',3,'2018-06-01',16,1,5,'2018-08-09');
INSERT INTO Product_Rating (shopName, productID, priceStart, orderID, userID, rating, ratingDate) VALUES ('Commerce Electro',3,'2018-06-01',17,2,5,'2018-08-09');
INSERT INTO Product_Rating (shopName, productID, priceStart, orderID, userID, rating, ratingDate) VALUES ('Commerce Electro',3,'2018-06-01',18,3,5,'2018-08-09');
INSERT INTO Product_Rating (shopName, productID, priceStart, orderID, userID, rating, ratingDate) VALUES ('Commerce Electro',3,'2018-06-01',19,4,5,'2018-08-09');
INSERT INTO Product_Rating (shopName, productID, priceStart, orderID, userID, rating, ratingDate) VALUES ('Commerce Electro',3,'2018-06-01',20,5,5,'2018-08-09');
INSERT INTO Product_Rating (shopName, productID, priceStart, orderID, userID, rating, ratingDate) VALUES ('Commerce Electro',3,'2018-06-01',21,6,5,'2018-08-09');
INSERT INTO Product_Rating (shopName, productID, priceStart, orderID, userID, rating, ratingDate) VALUES ('Commerce Electro',3,'2018-06-01',22,7,5,'2018-08-09');
INSERT INTO Product_Rating (shopName, productID, priceStart, orderID, userID, rating, ratingDate) VALUES ('Commerce Electro',3,'2018-06-01',23,8,5,'2018-08-09');
INSERT INTO Product_Rating (shopName, productID, priceStart, orderID, userID, rating, ratingDate) VALUES ('Commerce Electro',3,'2018-06-01',24,9,5,'2018-08-09');
INSERT INTO Product_Rating (shopName, productID, priceStart, orderID, userID, rating, ratingDate) VALUES ('Commerce Electro',3,'2018-06-01',25,10,5,'2018-08-09');
INSERT INTO Product_Rating (shopName, productID, priceStart, orderID, userID, rating, ratingDate) VALUES ('Commerce Electro',3,'2018-06-01',26,1,5,'2018-08-09');
INSERT INTO Product_Rating (shopName, productID, priceStart, orderID, userID, rating, ratingDate) VALUES ('Commerce Electro',3,'2018-06-01',27,2,5,'2018-08-09');
INSERT INTO Product_Rating (shopName, productID, priceStart, orderID, userID, rating, ratingDate) VALUES ('Commerce Electro',3,'2018-06-01',28,3,5,'2018-08-09');
INSERT INTO Product_Rating (shopName, productID, priceStart, orderID, userID, rating, ratingDate) VALUES ('Commerce Electro',3,'2018-06-01',29,4,5,'2018-08-09');
INSERT INTO Product_Rating (shopName, productID, priceStart, orderID, userID, rating, ratingDate) VALUES ('Coco Allure',19,'2018-06-01',30,5,5,'2018-08-09');
INSERT INTO Product_Rating (shopName, productID, priceStart, orderID, userID, rating, ratingDate) VALUES ('Coco Allure',19,'2018-06-01',31,6,5,'2018-08-09');
INSERT INTO Product_Rating (shopName, productID, priceStart, orderID, userID, rating, ratingDate) VALUES ('Coco Allure',19,'2018-06-01',32,7,5,'2018-08-09');
INSERT INTO Product_Rating (shopName, productID, priceStart, orderID, userID, rating, ratingDate) VALUES ('Coco Allure',19,'2018-06-01',33,8,5,'2018-08-09');
INSERT INTO Product_Rating (shopName, productID, priceStart, orderID, userID, rating, ratingDate) VALUES ('Coco Allure',19,'2018-06-01',34,9,5,'2018-08-09');
INSERT INTO Product_Rating (shopName, productID, priceStart, orderID, userID, rating, ratingDate) VALUES ('Coco Allure',19,'2018-06-01',35,10,5,'2018-08-10');
INSERT INTO Product_Rating (shopName, productID, priceStart, orderID, userID, rating, ratingDate) VALUES ('Commerce Electro',3,'2018-06-01',36,1,5,'2018-08-10');
INSERT INTO Product_Rating (shopName, productID, priceStart, orderID, userID, rating, ratingDate) VALUES ('Commerce Electro',3,'2018-06-01',37,2,5,'2018-08-10');
INSERT INTO Product_Rating (shopName, productID, priceStart, orderID, userID, rating, ratingDate) VALUES ('Commerce Electro',3,'2018-06-01',38,3,5,'2018-08-10');
INSERT INTO Product_Rating (shopName, productID, priceStart, orderID, userID, rating, ratingDate) VALUES ('Commerce Electro',3,'2018-06-01',39,4,5,'2018-08-10');
INSERT INTO Product_Rating (shopName, productID, priceStart, orderID, userID, rating, ratingDate) VALUES ('Commerce Electro',3,'2018-06-01',40,5,5,'2018-08-10');
INSERT INTO Product_Rating (shopName, productID, priceStart, orderID, userID, rating, ratingDate) VALUES ('Commerce Electro',3,'2018-06-01',41,6,5,'2018-08-10');
INSERT INTO Product_Rating (shopName, productID, priceStart, orderID, userID, rating, ratingDate) VALUES ('Commerce Electro',3,'2018-06-01',42,7,5,'2018-08-10');
INSERT INTO Product_Rating (shopName, productID, priceStart, orderID, userID, rating, ratingDate) VALUES ('Commerce Electro',3,'2018-06-01',43,8,5,'2018-08-10');
INSERT INTO Product_Rating (shopName, productID, priceStart, orderID, userID, rating, ratingDate) VALUES ('Commerce Electro',3,'2018-06-01',44,9,5,'2018-08-10');
INSERT INTO Product_Rating (shopName, productID, priceStart, orderID, userID, rating, ratingDate) VALUES ('Commerce Electro',3,'2018-06-01',45,10,5,'2018-08-10');
INSERT INTO Product_Rating (shopName, productID, priceStart, orderID, userID, rating, ratingDate) VALUES ('Coco Allure',19,'2018-06-01',46,1,5,'2018-08-10');
INSERT INTO Product_Rating (shopName, productID, priceStart, orderID, userID, rating, ratingDate) VALUES ('Coco Allure',19,'2018-06-01',47,2,5,'2018-08-10');
INSERT INTO Product_Rating (shopName, productID, priceStart, orderID, userID, rating, ratingDate) VALUES ('Coco Allure',19,'2018-06-01',48,3,5,'2018-08-10');
INSERT INTO Product_Rating (shopName, productID, priceStart, orderID, userID, rating, ratingDate) VALUES ('Coco Allure',19,'2018-06-01',49,4,5,'2018-08-10');
INSERT INTO Product_Rating (shopName, productID, priceStart, orderID, userID, rating, ratingDate) VALUES ('Coco Allure',19,'2018-06-01',50,5,5,'2018-08-11');
INSERT INTO Product_Rating (shopName, productID, priceStart, orderID, userID, rating, ratingDate) VALUES ('Coco Allure',19,'2018-06-01',51,6,5,'2018-08-11');
INSERT INTO Product_Rating (shopName, productID, priceStart, orderID, userID, rating, ratingDate) VALUES ('Coco Allure',19,'2018-06-01',52,7,5,'2018-08-11');
INSERT INTO Product_Rating (shopName, productID, priceStart, orderID, userID, rating, ratingDate) VALUES ('Coco Allure',19,'2018-06-01',53,8,5,'2018-08-11');
INSERT INTO Product_Rating (shopName, productID, priceStart, orderID, userID, rating, ratingDate) VALUES ('Coco Allure',19,'2018-06-01',54,9,5,'2018-08-11');
INSERT INTO Product_Rating (shopName, productID, priceStart, orderID, userID, rating, ratingDate) VALUES ('Coco Allure',19,'2018-06-01',55,10,5,'2018-08-11');
INSERT INTO Product_Rating (shopName, productID, priceStart, orderID, userID, rating, ratingDate) VALUES ('Coco Allure',19,'2018-06-01',56,11,5,'2018-08-11');
INSERT INTO Product_Rating (shopName, productID, priceStart, orderID, userID, rating, ratingDate) VALUES ('Coco Allure',19,'2018-06-01',57,12,5,'2018-08-11');
INSERT INTO Product_Rating (shopName, productID, priceStart, orderID, userID, rating, ratingDate) VALUES ('Coco Allure',19,'2018-06-01',58,13,5,'2018-08-11');
INSERT INTO Product_Rating (shopName, productID, priceStart, orderID, userID, rating, ratingDate) VALUES ('Coco Allure',19,'2018-06-01',59,14,5,'2018-08-11');
INSERT INTO Product_Rating (shopName, productID, priceStart, orderID, userID, rating, ratingDate) VALUES ('Coco Allure',19,'2018-06-01',60,15,5,'2018-08-11');
INSERT INTO Product_Rating (shopName, productID, priceStart, orderID, userID, rating, ratingDate) VALUES ('Commerce Electro',3,'2018-06-01',61,1,5,'2018-08-11');
INSERT INTO Product_Rating (shopName, productID, priceStart, orderID, userID, rating, ratingDate) VALUES ('Commerce Electro',3,'2018-06-01',62,2,5,'2018-08-11');
INSERT INTO Product_Rating (shopName, productID, priceStart, orderID, userID, rating, ratingDate) VALUES ('Commerce Electro',3,'2018-06-01',63,3,5,'2018-08-11');
INSERT INTO Product_Rating (shopName, productID, priceStart, orderID, userID, rating, ratingDate) VALUES ('Commerce Electro',3,'2018-06-01',64,4,5,'2018-08-11');
INSERT INTO Product_Rating (shopName, productID, priceStart, orderID, userID, rating, ratingDate) VALUES ('Commerce Electro',3,'2018-06-01',65,5,5,'2018-08-11');
INSERT INTO Product_Rating (shopName, productID, priceStart, orderID, userID, rating, ratingDate) VALUES ('Commerce Electro',3,'2018-06-01',66,6,5,'2018-08-11');
INSERT INTO Product_Rating (shopName, productID, priceStart, orderID, userID, rating, ratingDate) VALUES ('Commerce Electro',3,'2018-06-01',67,7,5,'2018-08-11');
INSERT INTO Product_Rating (shopName, productID, priceStart, orderID, userID, rating, ratingDate) VALUES ('Commerce Electro',3,'2018-06-01',68,8,5,'2018-08-12');
INSERT INTO Product_Rating (shopName, productID, priceStart, orderID, userID, rating, ratingDate) VALUES ('Commerce Electro',3,'2018-06-01',69,9,5,'2018-08-12');
INSERT INTO Product_Rating (shopName, productID, priceStart, orderID, userID, rating, ratingDate) VALUES ('Commerce Electro',3,'2018-06-01',70,10,5,'2018-08-12');
INSERT INTO Product_Rating (shopName, productID, priceStart, orderID, userID, rating, ratingDate) VALUES ('Commerce Electro',3,'2018-06-01',71,11,5,'2018-08-12');
INSERT INTO Product_Rating (shopName, productID, priceStart, orderID, userID, rating, ratingDate) VALUES ('Commerce Electro',3,'2018-06-01',72,12,5,'2018-08-12');
INSERT INTO Product_Rating (shopName, productID, priceStart, orderID, userID, rating, ratingDate) VALUES ('Commerce Electro',3,'2018-06-01',73,13,5,'2018-08-12');
INSERT INTO Product_Rating (shopName, productID, priceStart, orderID, userID, rating, ratingDate) VALUES ('Commerce Electro',3,'2018-06-01',74,14,5,'2018-08-12');
INSERT INTO Product_Rating (shopName, productID, priceStart, orderID, userID, rating, ratingDate) VALUES ('Commerce Electro',3,'2018-06-01',75,15,5,'2018-08-12');
INSERT INTO Product_Rating (shopName, productID, priceStart, orderID, userID, rating, ratingDate) VALUES ('Coco Allure',19,'2018-06-01',76,1,5,'2018-08-12');
INSERT INTO Product_Rating (shopName, productID, priceStart, orderID, userID, rating, ratingDate) VALUES ('Coco Allure',19,'2018-06-01',77,2,5,'2018-08-12');
INSERT INTO Product_Rating (shopName, productID, priceStart, orderID, userID, rating, ratingDate) VALUES ('Coco Allure',19,'2018-06-01',78,3,5,'2018-08-12');
INSERT INTO Product_Rating (shopName, productID, priceStart, orderID, userID, rating, ratingDate) VALUES ('Coco Allure',19,'2018-06-01',79,4,5,'2018-08-12');
INSERT INTO Product_Rating (shopName, productID, priceStart, orderID, userID, rating, ratingDate) VALUES ('Coco Allure',19,'2018-06-01',80,5,5,'2018-08-12');
INSERT INTO Product_Rating (shopName, productID, priceStart, orderID, userID, rating, ratingDate) VALUES ('Coco Allure',19,'2018-06-01',81,6,5,'2018-08-12');
INSERT INTO Product_Rating (shopName, productID, priceStart, orderID, userID, rating, ratingDate) VALUES ('Coco Allure',19,'2018-06-01',82,7,5,'2018-08-12');
INSERT INTO Product_Rating (shopName, productID, priceStart, orderID, userID, rating, ratingDate) VALUES ('Coco Allure',19,'2018-06-01',83,8,5,'2018-08-12');
INSERT INTO Product_Rating (shopName, productID, priceStart, orderID, userID, rating, ratingDate) VALUES ('Coco Allure',19,'2018-06-01',84,9,5,'2018-08-12');
INSERT INTO Product_Rating (shopName, productID, priceStart, orderID, userID, rating, ratingDate) VALUES ('Coco Allure',19,'2018-06-01',85,10,5,'2018-08-12');
INSERT INTO Product_Rating (shopName, productID, priceStart, orderID, userID, rating, ratingDate) VALUES ('Coco Allure',19,'2018-06-01',86,11,5,'2018-08-12');
INSERT INTO Product_Rating (shopName, productID, priceStart, orderID, userID, rating, ratingDate) VALUES ('Coco Allure',19,'2018-06-01',87,12,5,'2018-08-12');
INSERT INTO Product_Rating (shopName, productID, priceStart, orderID, userID, rating, ratingDate) VALUES ('Coco Allure',19,'2018-06-01',88,13,5,'2018-08-12');
INSERT INTO Product_Rating (shopName, productID, priceStart, orderID, userID, rating, ratingDate) VALUES ('Coco Allure',19,'2018-06-01',89,14,5,'2018-08-12');
INSERT INTO Product_Rating (shopName, productID, priceStart, orderID, userID, rating, ratingDate) VALUES ('Coco Allure',19,'2018-06-01',90,15,5,'2018-08-12');
INSERT INTO Product_Rating (shopName, productID, priceStart, orderID, userID, rating, ratingDate) VALUES ('Commerce Electro',3,'2018-07-16',91,1,5,'2018-08-12');
INSERT INTO Product_Rating (shopName, productID, priceStart, orderID, userID, rating, ratingDate) VALUES ('Commerce Electro',3,'2018-07-16',92,2,5,'2018-08-12');
INSERT INTO Product_Rating (shopName, productID, priceStart, orderID, userID, rating, ratingDate) VALUES ('Commerce Electro',3,'2018-07-16',93,3,5,'2018-08-12');
INSERT INTO Product_Rating (shopName, productID, priceStart, orderID, userID, rating, ratingDate) VALUES ('Commerce Electro',3,'2018-07-16',94,4,5,'2018-08-13');
INSERT INTO Product_Rating (shopName, productID, priceStart, orderID, userID, rating, ratingDate) VALUES ('Commerce Electro',3,'2018-07-16',95,5,5,'2018-08-13');
INSERT INTO Product_Rating (shopName, productID, priceStart, orderID, userID, rating, ratingDate) VALUES ('Commerce Electro',3,'2018-07-16',96,6,5,'2018-08-13');
INSERT INTO Product_Rating (shopName, productID, priceStart, orderID, userID, rating, ratingDate) VALUES ('Commerce Electro',3,'2018-07-16',97,7,5,'2018-08-13');
INSERT INTO Product_Rating (shopName, productID, priceStart, orderID, userID, rating, ratingDate) VALUES ('Commerce Electro',3,'2018-07-16',98,8,5,'2018-08-13');
INSERT INTO Product_Rating (shopName, productID, priceStart, orderID, userID, rating, ratingDate) VALUES ('Commerce Electro',3,'2018-07-16',99,9,5,'2018-08-13');
INSERT INTO Product_Rating (shopName, productID, priceStart, orderID, userID, rating, ratingDate) VALUES ('Commerce Electro',3,'2018-07-16',100,10,5,'2018-08-13');
INSERT INTO Product_Rating (shopName, productID, priceStart, orderID, userID, rating, ratingDate) VALUES ('Commerce Electro',3,'2018-07-16',101,11,5,'2018-08-13');
INSERT INTO Product_Rating (shopName, productID, priceStart, orderID, userID, rating, ratingDate) VALUES ('Commerce Electro',3,'2018-07-16',102,12,5,'2018-08-13');
INSERT INTO Product_Rating (shopName, productID, priceStart, orderID, userID, rating, ratingDate) VALUES ('Commerce Electro',3,'2018-07-16',103,13,5,'2018-08-13');
INSERT INTO Product_Rating (shopName, productID, priceStart, orderID, userID, rating, ratingDate) VALUES ('Commerce Electro',3,'2018-07-16',104,14,5,'2018-08-13');
INSERT INTO Product_Rating (shopName, productID, priceStart, orderID, userID, rating, ratingDate) VALUES ('Commerce Electro',3,'2018-07-16',105,15,5,'2018-08-13');
INSERT INTO Product_Rating (shopName, productID, priceStart, orderID, userID, rating, ratingDate) VALUES ('Coco Allure',19,'2018-07-16',106,1,5,'2018-08-13');
INSERT INTO Product_Rating (shopName, productID, priceStart, orderID, userID, rating, ratingDate) VALUES ('Coco Allure',19,'2018-07-16',107,2,5,'2018-08-13');
INSERT INTO Product_Rating (shopName, productID, priceStart, orderID, userID, rating, ratingDate) VALUES ('Coco Allure',19,'2018-07-16',108,3,5,'2018-08-13');
INSERT INTO Product_Rating (shopName, productID, priceStart, orderID, userID, rating, ratingDate) VALUES ('Coco Allure',19,'2018-07-16',109,4,5,'2018-08-13');
INSERT INTO Product_Rating (shopName, productID, priceStart, orderID, userID, rating, ratingDate) VALUES ('Coco Allure',19,'2018-07-16',110,5,5,'2018-08-13');
INSERT INTO Product_Rating (shopName, productID, priceStart, orderID, userID, rating, ratingDate) VALUES ('Coco Allure',19,'2018-07-16',111,6,5,'2018-08-13');
INSERT INTO Product_Rating (shopName, productID, priceStart, orderID, userID, rating, ratingDate) VALUES ('Coco Allure',19,'2018-07-16',112,7,5,'2018-08-14');
INSERT INTO Product_Rating (shopName, productID, priceStart, orderID, userID, rating, ratingDate) VALUES ('Coco Allure',19,'2018-07-16',113,8,5,'2018-08-14');
INSERT INTO Product_Rating (shopName, productID, priceStart, orderID, userID, rating, ratingDate) VALUES ('Coco Allure',19,'2018-07-16',114,9,5,'2018-08-14');
INSERT INTO Product_Rating (shopName, productID, priceStart, orderID, userID, rating, ratingDate) VALUES ('Coco Allure',19,'2018-07-16',115,10,5,'2018-08-14');
INSERT INTO Product_Rating (shopName, productID, priceStart, orderID, userID, rating, ratingDate) VALUES ('Coco Allure',19,'2018-07-16',116,11,5,'2018-08-14');
INSERT INTO Product_Rating (shopName, productID, priceStart, orderID, userID, rating, ratingDate) VALUES ('Coco Allure',19,'2018-07-16',117,12,5,'2018-08-14');
INSERT INTO Product_Rating (shopName, productID, priceStart, orderID, userID, rating, ratingDate) VALUES ('Coco Allure',19,'2018-07-16',118,13,5,'2018-08-14');
INSERT INTO Product_Rating (shopName, productID, priceStart, orderID, userID, rating, ratingDate) VALUES ('Coco Allure',19,'2018-07-16',119,14,5,'2018-08-14');
INSERT INTO Product_Rating (shopName, productID, priceStart, orderID, userID, rating, ratingDate) VALUES ('Coco Allure',19,'2018-07-16',120,15,5,'2018-08-14');
INSERT INTO Product_Rating (shopName, productID, priceStart, orderID, userID, rating, ratingDate) VALUES ('Commerce Electro',3,'2018-07-16',121,1,5,'2018-08-14');
INSERT INTO Product_Rating (shopName, productID, priceStart, orderID, userID, rating, ratingDate) VALUES ('Commerce Electro',3,'2018-07-16',122,2,5,'2018-08-14');
INSERT INTO Product_Rating (shopName, productID, priceStart, orderID, userID, rating, ratingDate) VALUES ('Commerce Electro',3,'2018-07-16',123,3,5,'2018-08-14');
INSERT INTO Product_Rating (shopName, productID, priceStart, orderID, userID, rating, ratingDate) VALUES ('Commerce Electro',3,'2018-07-16',124,4,5,'2018-08-14');
INSERT INTO Product_Rating (shopName, productID, priceStart, orderID, userID, rating, ratingDate) VALUES ('Commerce Electro',3,'2018-07-16',125,5,5,'2018-08-14');
INSERT INTO Product_Rating (shopName, productID, priceStart, orderID, userID, rating, ratingDate) VALUES ('Commerce Electro',3,'2018-07-16',126,6,5,'2018-08-14');
INSERT INTO Product_Rating (shopName, productID, priceStart, orderID, userID, rating, ratingDate) VALUES ('Commerce Electro',3,'2018-07-16',127,7,5,'2018-08-14');
INSERT INTO Product_Rating (shopName, productID, priceStart, orderID, userID, rating, ratingDate) VALUES ('Commerce Electro',3,'2018-07-16',128,8,5,'2018-08-14');
INSERT INTO Product_Rating (shopName, productID, priceStart, orderID, userID, rating, ratingDate) VALUES ('Commerce Electro',3,'2018-07-16',129,9,5,'2018-08-14');
INSERT INTO Product_Rating (shopName, productID, priceStart, orderID, userID, rating, ratingDate) VALUES ('Commerce Electro',3,'2018-07-16',130,10,5,'2018-08-15');
INSERT INTO Product_Rating (shopName, productID, priceStart, orderID, userID, rating, ratingDate) VALUES ('Commerce Electro',3,'2018-07-16',131,11,5,'2018-08-16');
INSERT INTO Product_Rating (shopName, productID, priceStart, orderID, userID, rating, ratingDate) VALUES ('Commerce Electro',3,'2018-07-16',132,12,5,'2018-08-15');
INSERT INTO Product_Rating (shopName, productID, priceStart, orderID, userID, rating, ratingDate) VALUES ('Commerce Electro',3,'2018-07-16',133,13,5,'2018-08-15');
INSERT INTO Product_Rating (shopName, productID, priceStart, orderID, userID, rating, ratingDate) VALUES ('Commerce Electro',3,'2018-07-16',134,14,5,'2018-08-15');
INSERT INTO Product_Rating (shopName, productID, priceStart, orderID, userID, rating, ratingDate) VALUES ('Commerce Electro',3,'2018-07-16',135,15,5,'2018-08-15');
INSERT INTO Product_Rating (shopName, productID, priceStart, orderID, userID, rating, ratingDate) VALUES ('Nusell',4,'2018-07-03',136,1,3,'2018-08-15');
INSERT INTO Product_Rating (shopName, productID, priceStart, orderID, userID, rating, ratingDate) VALUES ('Cryosell',7,'2018-07-16',137,2,5,'2018-08-15');
INSERT INTO Product_Rating (shopName, productID, priceStart, orderID, userID, rating, ratingDate) VALUES ('Commerce Electro',13,'2018-06-01',138,3,3,'2018-08-15');
INSERT INTO Product_Rating (shopName, productID, priceStart, orderID, userID, rating, ratingDate) VALUES ('Factory Sports',21,'2018-07-03',139,4,3,'2018-08-15');
INSERT INTO Product_Rating (shopName, productID, priceStart, orderID, userID, rating, ratingDate) VALUES ('Commerce Electro',1,'2018-07-03',140,5,3,'2018-08-15');
INSERT INTO Product_Rating (shopName, productID, priceStart, orderID, userID, rating, ratingDate) VALUES ('Nusell',4,'2018-07-03',141,6,3,'2018-08-15');
INSERT INTO Product_Rating (shopName, productID, priceStart, orderID, userID, rating, ratingDate) VALUES ('Cryosell',7,'2018-07-16',142,7,5,'2018-08-15');
INSERT INTO Product_Rating (shopName, productID, priceStart, orderID, userID, rating, ratingDate) VALUES ('Commerce Electro',13,'2018-06-01',143,8,4,'2018-08-15');
INSERT INTO Product_Rating (shopName, productID, priceStart, orderID, userID, rating, ratingDate) VALUES ('Factory Sports',21,'2018-07-03',144,9,4,'2018-08-15');
INSERT INTO Product_Rating (shopName, productID, priceStart, orderID, userID, rating, ratingDate) VALUES ('Commerce Electro',1,'2018-07-03',145,10,3,'2018-08-15');
INSERT INTO Product_Rating (shopName, productID, priceStart, orderID, userID, rating, ratingDate) VALUES ('Nusell',4,'2018-07-03',146,11,3,'2018-08-16');
INSERT INTO Product_Rating (shopName, productID, priceStart, orderID, userID, rating, ratingDate) VALUES ('Cryosell',7,'2018-07-16',147,12,5,'2018-08-16');
INSERT INTO Product_Rating (shopName, productID, priceStart, orderID, userID, rating, ratingDate) VALUES ('Commerce Electro',13,'2018-06-01',148,13,4,'2018-08-16');
INSERT INTO Product_Rating (shopName, productID, priceStart, orderID, userID, rating, ratingDate) VALUES ('Factory Sports',21,'2018-07-03',149,14,4,'2018-08-16');
INSERT INTO Product_Rating (shopName, productID, priceStart, orderID, userID, rating, ratingDate) VALUES ('Commerce Electro',1,'2018-07-03',150,15,4,'2018-08-16');
INSERT INTO Product_Rating (shopName, productID, priceStart, orderID, userID, rating, ratingDate) VALUES ('Commerce Electro',3,'2018-07-16',151,1,5,'2018-08-16');
INSERT INTO Product_Rating (shopName, productID, priceStart, orderID, userID, rating, ratingDate) VALUES ('Commerce Electro',3,'2018-07-16',152,2,5,'2018-08-16');
INSERT INTO Product_Rating (shopName, productID, priceStart, orderID, userID, rating, ratingDate) VALUES ('Commerce Electro',3,'2018-07-16',153,3,5,'2018-08-16');
INSERT INTO Product_Rating (shopName, productID, priceStart, orderID, userID, rating, ratingDate) VALUES ('Commerce Electro',3,'2018-07-16',154,4,5,'2018-08-16');
INSERT INTO Product_Rating (shopName, productID, priceStart, orderID, userID, rating, ratingDate) VALUES ('Commerce Electro',3,'2018-07-16',155,5,5,'2018-08-17');
INSERT INTO Product_Rating (shopName, productID, priceStart, orderID, userID, rating, ratingDate) VALUES ('Commerce Electro',3,'2018-07-16',156,6,5,'2018-08-17');
INSERT INTO Product_Rating (shopName, productID, priceStart, orderID, userID, rating, ratingDate) VALUES ('Commerce Electro',3,'2018-07-16',157,7,5,'2018-08-17');
INSERT INTO Product_Rating (shopName, productID, priceStart, orderID, userID, rating, ratingDate) VALUES ('Commerce Electro',3,'2018-07-16',158,8,5,'2018-08-17');
INSERT INTO Product_Rating (shopName, productID, priceStart, orderID, userID, rating, ratingDate) VALUES ('Commerce Electro',3,'2018-07-16',159,9,5,'2018-08-17');
INSERT INTO Product_Rating (shopName, productID, priceStart, orderID, userID, rating, ratingDate) VALUES ('Commerce Electro',3,'2018-07-16',160,10,5,'2018-08-17');
INSERT INTO Product_Rating (shopName, productID, priceStart, orderID, userID, rating, ratingDate) VALUES ('Commerce Electro',3,'2018-07-16',161,11,5,'2018-08-17');
INSERT INTO Product_Rating (shopName, productID, priceStart, orderID, userID, rating, ratingDate) VALUES ('Commerce Electro',3,'2018-07-16',162,12,5,'2018-08-17');
INSERT INTO Product_Rating (shopName, productID, priceStart, orderID, userID, rating, ratingDate) VALUES ('Commerce Electro',3,'2018-07-16',163,13,5,'2018-08-17');
INSERT INTO Product_Rating (shopName, productID, priceStart, orderID, userID, rating, ratingDate) VALUES ('Commerce Electro',3,'2018-07-16',164,14,5,'2018-08-17');
INSERT INTO Product_Rating (shopName, productID, priceStart, orderID, userID, rating, ratingDate) VALUES ('Commerce Electro',3,'2018-07-16',165,15,5,'2018-08-17');
INSERT INTO Product_Rating (shopName, productID, priceStart, orderID, userID, rating, ratingDate) VALUES ('Commerce Electro',2,'2018-08-07',166,1,4,'2018-08-18');
INSERT INTO Product_Rating (shopName, productID, priceStart, orderID, userID, rating, ratingDate) VALUES ('Factory Sports',22,'2018-08-07',167,2,4,'2018-08-18');
INSERT INTO Product_Rating (shopName, productID, priceStart, orderID, userID, rating, ratingDate) VALUES ('Factory Sports',24,'2018-07-17',168,3,3,'2018-08-18');
INSERT INTO Product_Rating (shopName, productID, priceStart, orderID, userID, rating, ratingDate) VALUES ('Cryosell',6,'2018-08-05',169,4,4,'2018-08-18');
INSERT INTO Product_Rating (shopName, productID, priceStart, orderID, userID, rating, ratingDate) VALUES ('Cryosell',8,'2018-07-16',170,5,2,'2018-08-18');
INSERT INTO Product_Rating (shopName, productID, priceStart, orderID, userID, rating, ratingDate) VALUES ('Commerce Electro',2,'2018-08-07',171,6,3,'2018-08-18');
INSERT INTO Product_Rating (shopName, productID, priceStart, orderID, userID, rating, ratingDate) VALUES ('Factory Sports',22,'2018-08-07',172,7,4,'2018-08-18');
INSERT INTO Product_Rating (shopName, productID, priceStart, orderID, userID, rating, ratingDate) VALUES ('Factory Sports',24,'2018-07-17',173,8,3,'2018-08-18');
INSERT INTO Product_Rating (shopName, productID, priceStart, orderID, userID, rating, ratingDate) VALUES ('Cryosell',6,'2018-08-05',174,9,2,'2018-08-18');
INSERT INTO Product_Rating (shopName, productID, priceStart, orderID, userID, rating, ratingDate) VALUES ('Cryosell',8,'2018-07-16',175,10,3,'2018-08-18');
INSERT INTO Product_Rating (shopName, productID, priceStart, orderID, userID, rating, ratingDate) VALUES ('Commerce Electro',2,'2018-08-07',176,11,4,'2018-08-18');
INSERT INTO Product_Rating (shopName, productID, priceStart, orderID, userID, rating, ratingDate) VALUES ('Factory Sports',22,'2018-08-07',177,12,4,'2018-08-18');
INSERT INTO Product_Rating (shopName, productID, priceStart, orderID, userID, rating, ratingDate) VALUES ('Factory Sports',24,'2018-07-17',178,13,4,'2018-08-18');
INSERT INTO Product_Rating (shopName, productID, priceStart, orderID, userID, rating, ratingDate) VALUES ('Cryosell',6,'2018-08-05',179,14,4,'2018-08-19');
INSERT INTO Product_Rating (shopName, productID, priceStart, orderID, userID, rating, ratingDate) VALUES ('Cryosell',8,'2018-07-16',180,15,4,'2018-08-19');
INSERT INTO Product_Rating (shopName, productID, priceStart, orderID, userID, rating, ratingDate) VALUES ('Commerce Electro',3,'2018-08-10',181,1,5,'2018-08-24');
INSERT INTO Product_Rating (shopName, productID, priceStart, orderID, userID, rating, ratingDate) VALUES ('Commerce Electro',3,'2018-08-10',182,2,5,'2018-08-24');
INSERT INTO Product_Rating (shopName, productID, priceStart, orderID, userID, rating, ratingDate) VALUES ('Commerce Electro',3,'2018-08-10',183,3,5,'2018-08-24');
INSERT INTO Product_Rating (shopName, productID, priceStart, orderID, userID, rating, ratingDate) VALUES ('Commerce Electro',3,'2018-08-10',184,4,5,'2018-08-24');
INSERT INTO Product_Rating (shopName, productID, priceStart, orderID, userID, rating, ratingDate) VALUES ('Commerce Electro',3,'2018-08-10',185,5,5,'2018-08-24');
INSERT INTO Product_Rating (shopName, productID, priceStart, orderID, userID, rating, ratingDate) VALUES ('Commerce Electro',3,'2018-08-10',186,6,5,'2018-08-24');
INSERT INTO Product_Rating (shopName, productID, priceStart, orderID, userID, rating, ratingDate) VALUES ('Commerce Electro',3,'2018-08-10',187,7,5,'2018-08-24');
INSERT INTO Product_Rating (shopName, productID, priceStart, orderID, userID, rating, ratingDate) VALUES ('Commerce Electro',3,'2018-08-10',188,8,5,'2018-08-24');
INSERT INTO Product_Rating (shopName, productID, priceStart, orderID, userID, rating, ratingDate) VALUES ('Commerce Electro',3,'2018-08-10',189,9,5,'2018-08-24');
INSERT INTO Product_Rating (shopName, productID, priceStart, orderID, userID, rating, ratingDate) VALUES ('Commerce Electro',3,'2018-08-10',190,10,5,'2018-08-24');
INSERT INTO Product_Rating (shopName, productID, priceStart, orderID, userID, rating, ratingDate) VALUES ('Nusell',4,'2018-08-05',191,11,3,'2018-08-25');
INSERT INTO Product_Rating (shopName, productID, priceStart, orderID, userID, rating, ratingDate) VALUES ('Cryosell',7,'2018-08-07',192,12,5,'2018-08-25');
INSERT INTO Product_Rating (shopName, productID, priceStart, orderID, userID, rating, ratingDate) VALUES ('Commerce Electro',13,'2018-08-15',193,13,4,'2018-08-25');
INSERT INTO Product_Rating (shopName, productID, priceStart, orderID, userID, rating, ratingDate) VALUES ('Factory Sports',21,'2018-08-05',194,14,5,'2018-08-25');
INSERT INTO Product_Rating (shopName, productID, priceStart, orderID, userID, rating, ratingDate) VALUES ('Commerce Electro',1,'2018-08-05',195,15,1,'2018-08-25');
INSERT INTO Product_Rating (shopName, productID, priceStart, orderID, userID, rating, ratingDate) VALUES ('Commerce Electro',2,'2018-08-07',196,1,2,'2018-08-26');
INSERT INTO Product_Rating (shopName, productID, priceStart, orderID, userID, rating, ratingDate) VALUES ('Factory Sports',22,'2018-08-07',197,2,2,'2018-08-26');
INSERT INTO Product_Rating (shopName, productID, priceStart, orderID, userID, rating, ratingDate) VALUES ('Factory Sports',24,'2018-08-13',198,3,3,'2018-08-26');
INSERT INTO Product_Rating (shopName, productID, priceStart, orderID, userID, rating, ratingDate) VALUES ('Cryosell',6,'2018-08-05',199,4,3,'2018-08-26');
INSERT INTO Product_Rating (shopName, productID, priceStart, orderID, userID, rating, ratingDate) VALUES ('Cryosell',8,'2018-08-10',200,5,4,'2018-08-26');
INSERT INTO Product_Rating(shopName, productID, priceStart, orderID, userID, rating, ratingDate) VALUES ('Coco Allure',19,'2018-06-01',16,1,5,'2018-08-27');
INSERT INTO Product_Rating(shopName, productID, priceStart, orderID, userID, rating, ratingDate) VALUES ('Coco Allure',19,'2018-06-01',17,2,5,'2018-08-27');
INSERT INTO Product_Rating(shopName, productID, priceStart, orderID, userID, rating, ratingDate) VALUES ('Coco Allure',19,'2018-06-01',18,3,5,'2018-08-27');
INSERT INTO Product_Rating(shopName, productID, priceStart, orderID, userID, rating, ratingDate) VALUES ('Coco Allure',19,'2018-06-01',19,4,5,'2018-08-27');
INSERT INTO Product_Rating(shopName, productID, priceStart, orderID, userID, rating, ratingDate) VALUES ('Coco Allure',19,'2018-06-01',20,5,5,'2018-08-27');
INSERT INTO Product_Rating(shopName, productID, priceStart, orderID, userID, rating, ratingDate) VALUES ('Coco Allure',19,'2018-06-01',21,6,5,'2018-08-27');
INSERT INTO Product_Rating(shopName, productID, priceStart, orderID, userID, rating, ratingDate) VALUES ('Coco Allure',19,'2018-06-01',22,7,5,'2018-08-27');
INSERT INTO Product_Rating(shopName, productID, priceStart, orderID, userID, rating, ratingDate) VALUES ('Coco Allure',19,'2018-06-01',23,8,5,'2018-08-27');
INSERT INTO Product_Rating(shopName, productID, priceStart, orderID, userID, rating, ratingDate) VALUES ('Coco Allure',19,'2018-06-01',24,9,5,'2018-08-27');
INSERT INTO Product_Rating(shopName, productID, priceStart, orderID, userID, rating, ratingDate) VALUES ('Coco Allure',19,'2018-06-01',25,10,5,'2018-08-27');
INSERT INTO Product_Rating(shopName, productID, priceStart, orderID, userID, rating, ratingDate) VALUES ('Coco Allure',19,'2018-06-01',26,1,5,'2018-08-27');
INSERT INTO Product_Rating(shopName, productID, priceStart, orderID, userID, rating, ratingDate) VALUES ('Coco Allure',19,'2018-06-01',27,2,5,'2018-08-27');
INSERT INTO Product_Rating(shopName, productID, priceStart, orderID, userID, rating, ratingDate) VALUES ('Coco Allure',19,'2018-06-01',28,3,5,'2018-08-27');
INSERT INTO Product_Rating(shopName, productID, priceStart, orderID, userID, rating, ratingDate) VALUES ('Coco Allure',19,'2018-06-01',29,4,5,'2018-08-27');
INSERT INTO Product_Rating(shopName, productID, priceStart, orderID, userID, rating, ratingDate) VALUES ('Coco Allure',19,'2018-06-01',36,1,5,'2018-08-27');
INSERT INTO Product_Rating(shopName, productID, priceStart, orderID, userID, rating, ratingDate) VALUES ('Coco Allure',19,'2018-06-01',37,2,5,'2018-08-27');
INSERT INTO Product_Rating(shopName, productID, priceStart, orderID, userID, rating, ratingDate) VALUES ('Coco Allure',19,'2018-06-01',38,3,5,'2018-08-27');
INSERT INTO Product_Rating(shopName, productID, priceStart, orderID, userID, rating, ratingDate) VALUES ('Coco Allure',19,'2018-06-01',39,4,5,'2018-08-27');
INSERT INTO Product_Rating(shopName, productID, priceStart, orderID, userID, rating, ratingDate) VALUES ('Coco Allure',19,'2018-06-01',40,5,5,'2018-08-27');
INSERT INTO Product_Rating(shopName, productID, priceStart, orderID, userID, rating, ratingDate) VALUES ('Coco Allure',19,'2018-06-01',41,6,5,'2018-08-27');
INSERT INTO Product_Rating(shopName, productID, priceStart, orderID, userID, rating, ratingDate) VALUES ('Coco Allure',19,'2018-06-01',42,7,5,'2018-08-27');
INSERT INTO Product_Rating(shopName, productID, priceStart, orderID, userID, rating, ratingDate) VALUES ('Coco Allure',19,'2018-06-01',43,8,5,'2018-08-27');
INSERT INTO Product_Rating(shopName, productID, priceStart, orderID, userID, rating, ratingDate) VALUES ('Coco Allure',19,'2018-06-01',44,9,5,'2018-08-27');
INSERT INTO Product_Rating(shopName, productID, priceStart, orderID, userID, rating, ratingDate) VALUES ('Coco Allure',19,'2018-06-01',45,10,5,'2018-08-27');
INSERT INTO Product_Rating(shopName, productID, priceStart, orderID, userID, rating, ratingDate) VALUES ('Coco Allure',19,'2018-06-01',61,1,5,'2018-08-27');
INSERT INTO Product_Rating(shopName, productID, priceStart, orderID, userID, rating, ratingDate) VALUES ('Coco Allure',19,'2018-06-01',62,2,5,'2018-08-27');
INSERT INTO Product_Rating(shopName, productID, priceStart, orderID, userID, rating, ratingDate) VALUES ('Coco Allure',19,'2018-06-01',63,3,5,'2018-08-27');
INSERT INTO Product_Rating(shopName, productID, priceStart, orderID, userID, rating, ratingDate) VALUES ('Coco Allure',19,'2018-06-01',64,4,5,'2018-08-27');
INSERT INTO Product_Rating(shopName, productID, priceStart, orderID, userID, rating, ratingDate) VALUES ('Coco Allure',19,'2018-06-01',65,5,5,'2018-08-27');
INSERT INTO Product_Rating(shopName, productID, priceStart, orderID, userID, rating, ratingDate) VALUES ('Coco Allure',19,'2018-06-01',66,6,5,'2018-08-27');
INSERT INTO Product_Rating(shopName, productID, priceStart, orderID, userID, rating, ratingDate) VALUES ('Coco Allure',19,'2018-06-01',67,7,5,'2018-08-27');
INSERT INTO Product_Rating(shopName, productID, priceStart, orderID, userID, rating, ratingDate) VALUES ('Coco Allure',19,'2018-06-01',68,8,5,'2018-08-27');
INSERT INTO Product_Rating(shopName, productID, priceStart, orderID, userID, rating, ratingDate) VALUES ('Coco Allure',19,'2018-06-01',69,9,5,'2018-08-27');
INSERT INTO Product_Rating(shopName, productID, priceStart, orderID, userID, rating, ratingDate) VALUES ('Coco Allure',19,'2018-06-01',70,10,5,'2018-08-27');
INSERT INTO Product_Rating(shopName, productID, priceStart, orderID, userID, rating, ratingDate) VALUES ('Coco Allure',19,'2018-06-01',71,11,5,'2018-08-27');
INSERT INTO Product_Rating(shopName, productID, priceStart, orderID, userID, rating, ratingDate) VALUES ('Coco Allure',19,'2018-06-01',72,12,5,'2018-08-27');
INSERT INTO Product_Rating(shopName, productID, priceStart, orderID, userID, rating, ratingDate) VALUES ('Coco Allure',19,'2018-06-01',73,13,5,'2018-08-27');
INSERT INTO Product_Rating(shopName, productID, priceStart, orderID, userID, rating, ratingDate) VALUES ('Coco Allure',19,'2018-06-01',74,14,5,'2018-08-27');
INSERT INTO Product_Rating(shopName, productID, priceStart, orderID, userID, rating, ratingDate) VALUES ('Coco Allure',19,'2018-06-01',75,15,5,'2018-08-27');
INSERT INTO Product_Rating(shopName, productID, priceStart, orderID, userID, rating, ratingDate) VALUES ('Commerce Electro',3,'2018-06-01',46,1,4,'2018-08-27');
INSERT INTO Product_Rating(shopName, productID, priceStart, orderID, userID, rating, ratingDate) VALUES ('Commerce Electro',3,'2018-06-01',47,2,4,'2018-08-27');
INSERT INTO Product_Rating(shopName, productID, priceStart, orderID, userID, rating, ratingDate) VALUES ('Commerce Electro',3,'2018-06-01',48,3,3,'2018-08-27');
INSERT INTO Product_Rating(shopName, productID, priceStart, orderID, userID, rating, ratingDate) VALUES ('Commerce Electro',3,'2018-06-01',49,4,2,'2018-08-27');
INSERT INTO Product_Rating(shopName, productID, priceStart, orderID, userID, rating, ratingDate) VALUES ('Commerce Electro',3,'2018-06-01',50,5,1,'2018-08-27');
INSERT INTO Product_Rating(shopName, productID, priceStart, orderID, userID, rating, ratingDate) VALUES ('Commerce Electro',3,'2018-06-01',51,6,4,'2018-08-27');
INSERT INTO Product_Rating(shopName, productID, priceStart, orderID, userID, rating, ratingDate) VALUES ('Commerce Electro',3,'2018-06-01',52,7,3,'2018-08-27');
INSERT INTO Product_Rating(shopName, productID, priceStart, orderID, userID, rating, ratingDate) VALUES ('Commerce Electro',3,'2018-06-01',53,8,5,'2018-08-27');
INSERT INTO Product_Rating(shopName, productID, priceStart, orderID, userID, rating, ratingDate) VALUES ('Commerce Electro',3,'2018-06-01',54,9,4,'2018-08-27');
INSERT INTO Product_Rating(shopName, productID, priceStart, orderID, userID, rating, ratingDate) VALUES ('Commerce Electro',3,'2018-06-01',55,10,3,'2018-08-27');
INSERT INTO Product_Rating(shopName, productID, priceStart, orderID, userID, rating, ratingDate) VALUES ('Cryosell',7,'2018-06-01',56,11,5,'2018-08-27');
INSERT INTO Product_Rating(shopName, productID, priceStart, orderID, userID, rating, ratingDate) VALUES ('Cryosell',7,'2018-06-01',57,12,5,'2018-08-27');
INSERT INTO Product_Rating(shopName, productID, priceStart, orderID, userID, rating, ratingDate) VALUES ('Cryosell',7,'2018-06-01',58,13,5,'2018-08-27');
INSERT INTO Product_Rating(shopName, productID, priceStart, orderID, userID, rating, ratingDate) VALUES ('Cryosell',7,'2018-06-01',59,14,5,'2018-08-27');
INSERT INTO Product_Rating(shopName, productID, priceStart, orderID, userID, rating, ratingDate) VALUES ('Cryosell',7,'2018-06-01',60,15,5,'2018-08-27');
INSERT INTO Product_Rating(shopName, productID, priceStart, orderID, userID, rating, ratingDate) VALUES ('Cryosell',7,'2018-06-01',61,1,5,'2018-08-27');
INSERT INTO Product_Rating(shopName, productID, priceStart, orderID, userID, rating, ratingDate) VALUES ('Cryosell',7,'2018-06-01',62,2,5,'2018-08-27');
INSERT INTO Product_Rating(shopName, productID, priceStart, orderID, userID, rating, ratingDate) VALUES ('Cryosell',7,'2018-06-01',63,3,5,'2018-08-27');
INSERT INTO Product_Rating(shopName, productID, priceStart, orderID, userID, rating, ratingDate) VALUES ('Cryosell',7,'2018-06-01',64,4,5,'2018-08-27');
INSERT INTO Product_Rating(shopName, productID, priceStart, orderID, userID, rating, ratingDate) VALUES ('Cryosell',7,'2018-06-01',65,5,5,'2018-08-27');
INSERT INTO Product_Rating(shopName, productID, priceStart, orderID, userID, rating, ratingDate) VALUES ('Cryosell',7,'2018-06-01',66,6,5,'2018-08-27');
INSERT INTO Product_Rating(shopName, productID, priceStart, orderID, userID, rating, ratingDate) VALUES ('Cryosell',7,'2018-06-01',67,7,5,'2018-08-27');
INSERT INTO Product_Rating(shopName, productID, priceStart, orderID, userID, rating, ratingDate) VALUES ('Cryosell',7,'2018-06-01',68,8,5,'2018-08-27');
INSERT INTO Product_Rating(shopName, productID, priceStart, orderID, userID, rating, ratingDate) VALUES ('Cryosell',7,'2018-06-01',69,9,5,'2018-08-27');
INSERT INTO Product_Rating(shopName, productID, priceStart, orderID, userID, rating, ratingDate) VALUES ('Cryosell',7,'2018-06-01',70,10,5,'2018-08-27');
INSERT INTO Product_Rating(shopName, productID, priceStart, orderID, userID, rating, ratingDate) VALUES ('Cryosell',7,'2018-06-01',71,11,5,'2018-08-27');
INSERT INTO Product_Rating(shopName, productID, priceStart, orderID, userID, rating, ratingDate) VALUES ('Cryosell',7,'2018-06-01',72,12,5,'2018-08-27');
INSERT INTO Product_Rating(shopName, productID, priceStart, orderID, userID, rating, ratingDate) VALUES ('Cryosell',7,'2018-06-01',73,13,5,'2018-08-27');
INSERT INTO Product_Rating(shopName, productID, priceStart, orderID, userID, rating, ratingDate) VALUES ('Cryosell',7,'2018-06-01',74,14,5,'2018-08-27');
INSERT INTO Product_Rating(shopName, productID, priceStart, orderID, userID, rating, ratingDate) VALUES ('Cryosell',7,'2018-06-01',75,15,5,'2018-08-27');
INSERT INTO Product_Rating(shopName, productID, priceStart, orderID, userID, rating, ratingDate) VALUES ('Cryosell',7,'2018-06-01',76,1,5,'2018-08-27');
INSERT INTO Product_Rating(shopName, productID, priceStart, orderID, userID, rating, ratingDate) VALUES ('Cryosell',7,'2018-06-01',77,2,5,'2018-08-27');
INSERT INTO Product_Rating(shopName, productID, priceStart, orderID, userID, rating, ratingDate) VALUES ('Cryosell',7,'2018-06-01',78,3,5,'2018-08-27');
INSERT INTO Product_Rating(shopName, productID, priceStart, orderID, userID, rating, ratingDate) VALUES ('Cryosell',7,'2018-06-01',79,4,5,'2018-08-27');
INSERT INTO Product_Rating(shopName, productID, priceStart, orderID, userID, rating, ratingDate) VALUES ('Cryosell',7,'2018-06-01',80,5,5,'2018-08-27');
INSERT INTO Product_Rating(shopName, productID, priceStart, orderID, userID, rating, ratingDate) VALUES ('Cryosell',7,'2018-06-01',81,6,5,'2018-08-27');
INSERT INTO Product_Rating(shopName, productID, priceStart, orderID, userID, rating, ratingDate) VALUES ('Cryosell',7,'2018-06-01',82,7,5,'2018-08-27');
INSERT INTO Product_Rating(shopName, productID, priceStart, orderID, userID, rating, ratingDate) VALUES ('Cryosell',7,'2018-06-01',83,8,5,'2018-08-27');
INSERT INTO Product_Rating(shopName, productID, priceStart, orderID, userID, rating, ratingDate) VALUES ('Cryosell',7,'2018-06-01',84,9,5,'2018-08-27');
INSERT INTO Product_Rating(shopName, productID, priceStart, orderID, userID, rating, ratingDate) VALUES ('Cryosell',7,'2018-06-01',85,10,5,'2018-08-27');
INSERT INTO Product_Rating(shopName, productID, priceStart, orderID, userID, rating, ratingDate) VALUES ('Cryosell',7,'2018-06-01',86,11,5,'2018-08-27');
INSERT INTO Product_Rating(shopName, productID, priceStart, orderID, userID, rating, ratingDate) VALUES ('Cryosell',7,'2018-06-01',87,12,5,'2018-08-27');
INSERT INTO Product_Rating(shopName, productID, priceStart, orderID, userID, rating, ratingDate) VALUES ('Cryosell',7,'2018-06-01',88,13,5,'2018-08-27');
INSERT INTO Product_Rating(shopName, productID, priceStart, orderID, userID, rating, ratingDate) VALUES ('Cryosell',7,'2018-06-01',89,14,5,'2018-08-27');
INSERT INTO Product_Rating(shopName, productID, priceStart, orderID, userID, rating, ratingDate) VALUES ('Cryosell',7,'2018-06-01',90,15,5,'2018-08-27');
INSERT INTO Product_Rating(shopName, productID, priceStart, orderID, userID, rating, ratingDate) VALUES ('Cryosell',7,'2018-07-16',91,1,5,'2018-08-27');
INSERT INTO Product_Rating(shopName, productID, priceStart, orderID, userID, rating, ratingDate) VALUES ('Cryosell',7,'2018-07-16',92,2,5,'2018-08-27');
INSERT INTO Product_Rating(shopName, productID, priceStart, orderID, userID, rating, ratingDate) VALUES ('Cryosell',7,'2018-07-16',93,3,5,'2018-08-27');
INSERT INTO Product_Rating(shopName, productID, priceStart, orderID, userID, rating, ratingDate) VALUES ('Cryosell',7,'2018-07-16',94,4,5,'2018-08-27');
INSERT INTO Product_Rating(shopName, productID, priceStart, orderID, userID, rating, ratingDate) VALUES ('Cryosell',7,'2018-07-16',95,5,5,'2018-08-27');
INSERT INTO Product_Rating(shopName, productID, priceStart, orderID, userID, rating, ratingDate) VALUES ('Cryosell',7,'2018-07-16',96,6,5,'2018-08-27');
INSERT INTO Product_Rating(shopName, productID, priceStart, orderID, userID, rating, ratingDate) VALUES ('Cryosell',7,'2018-07-16',97,7,5,'2018-08-27');
INSERT INTO Product_Rating(shopName, productID, priceStart, orderID, userID, rating, ratingDate) VALUES ('Cryosell',7,'2018-07-16',98,8,5,'2018-08-27');
INSERT INTO Product_Rating(shopName, productID, priceStart, orderID, userID, rating, ratingDate) VALUES ('Cryosell',7,'2018-07-16',99,9,5,'2018-08-27');
INSERT INTO Product_Rating(shopName, productID, priceStart, orderID, userID, rating, ratingDate) VALUES ('Cryosell',7,'2018-07-16',100,10,5,'2018-08-27');
INSERT INTO Product_Rating(shopName, productID, priceStart, orderID, userID, rating, ratingDate) VALUES ('Cryosell',7,'2018-07-16',101,11,5,'2018-08-27');
INSERT INTO Product_Rating(shopName, productID, priceStart, orderID, userID, rating, ratingDate) VALUES ('Cryosell',7,'2018-07-16',102,12,5,'2018-08-27');
INSERT INTO Product_Rating(shopName, productID, priceStart, orderID, userID, rating, ratingDate) VALUES ('Cryosell',7,'2018-07-16',103,13,5,'2018-08-27');
INSERT INTO Product_Rating(shopName, productID, priceStart, orderID, userID, rating, ratingDate) VALUES ('Cryosell',7,'2018-07-16',104,14,5,'2018-08-27');
INSERT INTO Product_Rating(shopName, productID, priceStart, orderID, userID, rating, ratingDate) VALUES ('Cryosell',7,'2018-07-16',105,15,5,'2018-08-27');
INSERT INTO Product_Rating(shopName, productID, priceStart, orderID, userID, rating, ratingDate) VALUES ('Cryosell',7,'2018-07-16',106,1,5,'2018-08-27');
INSERT INTO Product_Rating(shopName, productID, priceStart, orderID, userID, rating, ratingDate) VALUES ('Cryosell',7,'2018-07-16',107,2,5,'2018-08-27');
INSERT INTO Product_Rating(shopName, productID, priceStart, orderID, userID, rating, ratingDate) VALUES ('Cryosell',7,'2018-07-16',108,3,5,'2018-08-27');
INSERT INTO Product_Rating(shopName, productID, priceStart, orderID, userID, rating, ratingDate) VALUES ('Cryosell',7,'2018-07-16',109,4,5,'2018-08-27');
INSERT INTO Product_Rating(shopName, productID, priceStart, orderID, userID, rating, ratingDate) VALUES ('Cryosell',7,'2018-07-16',110,5,5,'2018-08-27');
INSERT INTO Product_Rating(shopName, productID, priceStart, orderID, userID, rating, ratingDate) VALUES ('Cryosell',7,'2018-07-16',111,6,5,'2018-08-27');
INSERT INTO Product_Rating(shopName, productID, priceStart, orderID, userID, rating, ratingDate) VALUES ('Cryosell',7,'2018-07-16',112,7,5,'2018-08-27');
INSERT INTO Product_Rating(shopName, productID, priceStart, orderID, userID, rating, ratingDate) VALUES ('Cryosell',7,'2018-07-16',113,8,5,'2018-08-27');
INSERT INTO Product_Rating(shopName, productID, priceStart, orderID, userID, rating, ratingDate) VALUES ('Cryosell',7,'2018-07-16',114,9,5,'2018-08-27');
INSERT INTO Product_Rating(shopName, productID, priceStart, orderID, userID, rating, ratingDate) VALUES ('Cryosell',7,'2018-07-16',115,10,5,'2018-08-27');
INSERT INTO Product_Rating(shopName, productID, priceStart, orderID, userID, rating, ratingDate) VALUES ('Cryosell',7,'2018-07-16',116,11,5,'2018-08-27');
INSERT INTO Product_Rating(shopName, productID, priceStart, orderID, userID, rating, ratingDate) VALUES ('Cryosell',7,'2018-07-16',117,12,5,'2018-08-27');
INSERT INTO Product_Rating(shopName, productID, priceStart, orderID, userID, rating, ratingDate) VALUES ('Cryosell',7,'2018-07-16',118,13,5,'2018-08-27');
INSERT INTO Product_Rating(shopName, productID, priceStart, orderID, userID, rating, ratingDate) VALUES ('Cryosell',7,'2018-07-16',119,14,5,'2018-08-27');
INSERT INTO Product_Rating(shopName, productID, priceStart, orderID, userID, rating, ratingDate) VALUES ('Cryosell',7,'2018-07-16',120,15,5,'2018-08-27');
INSERT INTO Product_Rating(shopName, productID, priceStart, orderID, userID, rating, ratingDate) VALUES ('Cryosell',7,'2018-08-07',166,1,5,'2018-08-27');
INSERT INTO Product_Rating(shopName, productID, priceStart, orderID, userID, rating, ratingDate) VALUES ('Cryosell',7,'2018-08-07',167,2,5,'2018-08-27');
INSERT INTO Product_Rating(shopName, productID, priceStart, orderID, userID, rating, ratingDate) VALUES ('Cryosell',7,'2018-08-07',169,4,5,'2018-08-27');
INSERT INTO Product_Rating(shopName, productID, priceStart, orderID, userID, rating, ratingDate) VALUES ('Cryosell',7,'2018-08-07',170,5,5,'2018-08-27');
INSERT INTO Product_Rating(shopName, productID, priceStart, orderID, userID, rating, ratingDate) VALUES ('Cryosell',7,'2018-08-07',171,6,5,'2018-08-27');
INSERT INTO Product_Rating(shopName, productID, priceStart, orderID, userID, rating, ratingDate) VALUES ('Cryosell',7,'2018-08-07',172,7,5,'2018-08-27');
INSERT INTO Product_Rating(shopName, productID, priceStart, orderID, userID, rating, ratingDate) VALUES ('Cryosell',7,'2018-08-07',173,8,5,'2018-08-27');
INSERT INTO Product_Rating(shopName, productID, priceStart, orderID, userID, rating, ratingDate) VALUES ('Cryosell',7,'2018-08-07',174,9,5,'2018-08-27');
INSERT INTO Product_Rating(shopName, productID, priceStart, orderID, userID, rating, ratingDate) VALUES ('Cryosell',7,'2018-08-07',175,10,5,'2018-08-27');
INSERT INTO Product_Rating(shopName, productID, priceStart, orderID, userID, rating, ratingDate) VALUES ('Cryosell',7,'2018-08-07',176,11,5,'2018-08-27');
INSERT INTO Product_Rating(shopName, productID, priceStart, orderID, userID, rating, ratingDate) VALUES ('Cryosell',7,'2018-08-07',177,12,5,'2018-08-27');
INSERT INTO Product_Rating(shopName, productID, priceStart, orderID, userID, rating, ratingDate) VALUES ('Cryosell',7,'2018-08-07',178,13,5,'2018-08-27');
INSERT INTO Product_Rating(shopName, productID, priceStart, orderID, userID, rating, ratingDate) VALUES ('Cryosell',7,'2018-08-07',179,14,5,'2018-08-27');
INSERT INTO Product_Rating(shopName, productID, priceStart, orderID, userID, rating, ratingDate) VALUES ('Cryosell',7,'2018-08-07',180,15,5,'2018-08-27');
INSERT INTO Product_Rating(shopName, productID, priceStart, orderID, userID, rating, ratingDate) VALUES ('Cryosell',7,'2018-08-07',181,1,5,'2018-08-27');
INSERT INTO Product_Rating(shopName, productID, priceStart, orderID, userID, rating, ratingDate) VALUES ('Cryosell',7,'2018-08-07',182,2,5,'2018-08-27');
INSERT INTO Product_Rating(shopName, productID, priceStart, orderID, userID, rating, ratingDate) VALUES ('Cryosell',7,'2018-08-07',183,3,5,'2018-08-27');
INSERT INTO Product_Rating(shopName, productID, priceStart, orderID, userID, rating, ratingDate) VALUES ('Cryosell',7,'2018-08-07',184,4,5,'2018-08-27');
INSERT INTO Product_Rating(shopName, productID, priceStart, orderID, userID, rating, ratingDate) VALUES ('Cryosell',7,'2018-08-07',185,5,5,'2018-08-27');
INSERT INTO Product_Rating(shopName, productID, priceStart, orderID, userID, rating, ratingDate) VALUES ('Cryosell',7,'2018-08-07',186,6,5,'2018-08-27');
INSERT INTO Product_Rating(shopName, productID, priceStart, orderID, userID, rating, ratingDate) VALUES ('Cryosell',7,'2018-08-07',187,7,5,'2018-08-27');
INSERT INTO Product_Rating(shopName, productID, priceStart, orderID, userID, rating, ratingDate) VALUES ('Cryosell',7,'2018-08-07',188,8,5,'2018-08-27');
INSERT INTO Product_Rating(shopName, productID, priceStart, orderID, userID, rating, ratingDate) VALUES ('Cryosell',7,'2018-08-07',189,9,5,'2018-08-27');
INSERT INTO Product_Rating(shopName, productID, priceStart, orderID, userID, rating, ratingDate) VALUES ('Cryosell',7,'2018-08-07',190,10,5,'2018-08-27');
INSERT INTO Product_Rating(shopName, productID, priceStart, orderID, userID, rating, ratingDate) VALUES ('Cryosell',7,'2018-08-07',191,11,5,'2018-08-27');
INSERT INTO Product_Rating(shopName, productID, priceStart, orderID, userID, rating, ratingDate) VALUES ('Cryosell',7,'2018-08-07',193,13,5,'2018-08-27');
INSERT INTO Product_Rating(shopName, productID, priceStart, orderID, userID, rating, ratingDate) VALUES ('Cryosell',7,'2018-08-07',194,14,5,'2018-08-27');
INSERT INTO Product_Rating(shopName, productID, priceStart, orderID, userID, rating, ratingDate) VALUES ('Cryosell',7,'2018-08-07',195,15,5,'2018-08-27');
INSERT INTO Product_Rating(shopName, productID, priceStart, orderID, userID, rating, ratingDate) VALUES ('Cryosell',7,'2018-08-07',196,1,5,'2018-08-27');
INSERT INTO Product_Rating(shopName, productID, priceStart, orderID, userID, rating, ratingDate) VALUES ('Cryosell',7,'2018-08-07',197,2,5,'2018-08-27');
INSERT INTO Product_Rating(shopName, productID, priceStart, orderID, userID, rating, ratingDate) VALUES ('Cryosell',7,'2018-08-07',198,3,5,'2018-08-27');
INSERT INTO Product_Rating(shopName, productID, priceStart, orderID, userID, rating, ratingDate) VALUES ('Cryosell',7,'2018-08-07',199,4,5,'2018-08-27');
INSERT INTO Product_Rating(shopName, productID, priceStart, orderID, userID, rating, ratingDate) VALUES ('Cryosell',7,'2018-08-07',200,5,5,'2018-08-27');
INSERT INTO Product_Rating (shopName, productID, priceStart, orderID, userID, rating, ratingDate) VALUES ('Coco Allure',19,'2018-07-16',121,1,5,'2018-08-27');
INSERT INTO Product_Rating (shopName, productID, priceStart, orderID, userID, rating, ratingDate) VALUES ('Coco Allure',19,'2018-07-16',122,2,5,'2018-08-27');
INSERT INTO Product_Rating (shopName, productID, priceStart, orderID, userID, rating, ratingDate) VALUES ('Coco Allure',19,'2018-07-16',123,3,5,'2018-08-27');
INSERT INTO Product_Rating (shopName, productID, priceStart, orderID, userID, rating, ratingDate) VALUES ('Coco Allure',19,'2018-07-16',124,4,5,'2018-08-27');
INSERT INTO Product_Rating (shopName, productID, priceStart, orderID, userID, rating, ratingDate) VALUES ('Coco Allure',19,'2018-07-16',125,5,5,'2018-08-27');
INSERT INTO Product_Rating (shopName, productID, priceStart, orderID, userID, rating, ratingDate) VALUES ('Coco Allure',19,'2018-07-16',126,6,5,'2018-08-27');
INSERT INTO Product_Rating (shopName, productID, priceStart, orderID, userID, rating, ratingDate) VALUES ('Coco Allure',19,'2018-07-16',127,7,5,'2018-08-27');
INSERT INTO Product_Rating (shopName, productID, priceStart, orderID, userID, rating, ratingDate) VALUES ('Coco Allure',19,'2018-07-16',128,8,5,'2018-08-27');
INSERT INTO Product_Rating (shopName, productID, priceStart, orderID, userID, rating, ratingDate) VALUES ('Coco Allure',19,'2018-07-16',129,9,5,'2018-08-27');
INSERT INTO Product_Rating (shopName, productID, priceStart, orderID, userID, rating, ratingDate) VALUES ('Coco Allure',19,'2018-07-16',130,10,5,'2018-08-27');
INSERT INTO Product_Rating (shopName, productID, priceStart, orderID, userID, rating, ratingDate) VALUES ('Coco Allure',19,'2018-07-16',131,11,5,'2018-08-27');
INSERT INTO Product_Rating (shopName, productID, priceStart, orderID, userID, rating, ratingDate) VALUES ('Coco Allure',19,'2018-07-16',132,12,5,'2018-08-27');
INSERT INTO Product_Rating (shopName, productID, priceStart, orderID, userID, rating, ratingDate) VALUES ('Coco Allure',19,'2018-07-16',133,13,5,'2018-08-27');
INSERT INTO Product_Rating (shopName, productID, priceStart, orderID, userID, rating, ratingDate) VALUES ('Coco Allure',19,'2018-07-16',134,14,5,'2018-08-27');
INSERT INTO Product_Rating (shopName, productID, priceStart, orderID, userID, rating, ratingDate) VALUES ('Coco Allure',19,'2018-07-16',135,15,5,'2018-08-27');

-- Comment Table
SET IDENTITY_INSERT Comment ON;
INSERT INTO Comment (commentID, text, shopName, productID, priceStart, orderID) VALUES (1, 'Good product. Fast delivery.', 'Commerce Electro',3,'2018-06-01',1);
INSERT INTO Comment (commentID, text, shopName, productID, priceStart, orderID) VALUES (2, 'Fast delivery.', 'Commerce Electro',13,'2018-06-01',1);
INSERT INTO Comment (commentID, text, shopName, productID, priceStart, orderID) VALUES (3, 'Shipping was fast and packaging was well done. Box did not come sealed.', 'Nusell',25,'2018-06-01', 2);
INSERT INTO Comment (commentID, text, shopName, productID, priceStart, orderID) VALUES (4, 'Barely used it for a day so nothing much to comment on, but it is just as described', 'Commerce Electro',2,'2018-06-01', 2);
INSERT INTO Comment (commentID, text, shopName, productID, priceStart, orderID) VALUES (5, 'Very speedy delivery, thanks to seller and courier. Item received in good condition and no problems. Thank you!', 'Factory Sports',19,'2018-06-01',3);
INSERT INTO Comment (commentID, text, shopName, productID, priceStart, orderID) VALUES (6, 'Nice. More than enough for my mother.', 'Factory Sports',22,'2018-06-01',3);
INSERT INTO Comment (commentID, text, shopName, productID, priceStart, orderID) VALUES (7, 'Came as described, good product', 'Commerce Electro',3,'2018-06-01',16);
INSERT INTO Comment (commentID, text, shopName, productID, priceStart, orderID) VALUES (8, 'Yet to open up. Will feedback soon.', 'Commerce Electro',3,'2018-06-01',17);
INSERT INTO Comment (commentID, text, shopName, productID, priceStart, orderID) VALUES (9, 'Item receive fast.. perfect condition ', 'Commerce Electro',3,'2018-06-01',18);
INSERT INTO Comment (commentID, text, shopName, productID, priceStart, orderID) VALUES (10, 'Received in good condition and as scheduled', 'Commerce Electro',3,'2018-06-01',19);
INSERT INTO Comment (commentID, text, shopName, productID, priceStart, orderID) VALUES (11, 'Fast delivery, genuine item', 'Commerce Electro',3,'2018-06-01',20);
INSERT INTO Comment (commentID, text, shopName, productID, priceStart, orderID) VALUES (12, 'As good as it gets, gonna get another one', 'Commerce Electro',3,'2018-06-01',21);
INSERT INTO Comment (commentID, text, shopName, productID, priceStart, orderID) VALUES (13, 'Good buy.', 'Coco Allure',19,'2018-07-16',106);
INSERT INTO Comment (commentID, text, shopName, productID, priceStart, orderID) VALUES (14, 'Delivery was prompt and item works like a charm.', 'Coco Allure',19,'2018-07-16',107);
INSERT INTO Comment (commentID, text, shopName, productID, priceStart, orderID) VALUES (15, 'omg this is really worth it for the money! ', 'Coco Allure',19,'2018-07-16',108);
INSERT INTO Comment (commentID, text, shopName, productID, priceStart, orderID) VALUES (16, 'Bought this based on good reviews. I was impressed by the quality of it.', 'Commerce Electro',1,'2018-08-05',195);
INSERT INTO Comment (commentID, text, shopName, productID, priceStart, orderID) VALUES (17, 'Delivery timing was fast. Product came in good condition, have been using it for almost 3 days, and I really love it.', 'Commerce Electro',2,'2018-08-07',196);
INSERT INTO Comment (commentID, text, shopName, productID, priceStart, orderID) VALUES (18, 'Although there are some minor defects to the product i received. The reply was swift and willing to solve my problem. Great Product Overall, willing to recommend to anyone.', 'Factory Sports',22,'2018-08-07',197);
INSERT INTO Comment (commentID, text, shopName, productID, priceStart, orderID) VALUES (19, 'Item arrived as described. The seller is very helpful to wrap the item with gift wrapping. Appreciated!', 'Factory Sports',24,'2018-08-13',198);
INSERT INTO Comment (commentID, text, shopName, productID, priceStart, orderID) VALUES (20, 'good and fast', 'Cryosell',6,'2018-08-05',199);
INSERT INTO Comment (commentID, text, shopName, productID, priceStart, orderID) VALUES (21, 'Nice product.', 'Cryosell',8,'2018-08-10',200);
INSERT INTO Comment (commentID, text, shopName, productID, priceStart, orderID) VALUES (22, 'Fast delivery and works fine', 'Coco Allure',11,'2018-06-01',14);
INSERT INTO Comment (commentID, text, shopName, productID, priceStart, orderID) VALUES (23, 'Came faster than expected and very reasonably priced', 'Coco Allure',12,'2018-06-01',14);
INSERT INTO Comment (commentID, text, shopName, productID, priceStart, orderID) VALUES (24, 'Good to use and much cheaper in price compared to similar products selling outside', 'Commerce Electro',4,'2018-06-01',12);
INSERT INTO Comment (commentID, text, shopName, productID, priceStart, orderID) VALUES (25, 'Good. Can buy', 'Commerce Electro',13,'2018-06-01',13);
SET IDENTITY_INSERT Comment OFF;

-- Reply Table
SET IDENTITY_INSERT Reply ON;
INSERT INTO Reply (replyID, text, userID, commentID) VALUES (1, 'Is instructions manual in english?', 1, 1);
INSERT INTO Reply (replyID, text, userID, commentID) VALUES (2, 'Is this English version?', 2, 2);
INSERT INTO Reply (replyID, text, userID, commentID) VALUES (3, 'Is this new or second hand?', 3, 3);
INSERT INTO Reply (replyID, text, userID, commentID) VALUES (4, 'How is the product?', 4, 4);
INSERT INTO Reply (replyID, text, userID, commentID) VALUES (5, 'Amazing, I just gotten my product as well. Enjoying it!', 5, 5);
INSERT INTO Reply (replyID, text, userID, commentID) VALUES (6, 'Mine came pretty late', 6, 6);
INSERT INTO Reply (replyID, text, userID, commentID) VALUES (7, 'Is it value for the money?', 7, 7);
INSERT INTO Reply (replyID, text, userID, commentID) VALUES (8, 'Is the quality good?', 8, 8);
INSERT INTO Reply (replyID, text, userID, commentID) VALUES (9, 'Let me know if there is any warranty or equivalent for this product.', 9, 9);
INSERT INTO Reply (replyID, text, userID, commentID) VALUES (10, 'What made you buy this product?', 10, 10);
INSERT INTO Reply (replyID, text, userID, commentID) VALUES (11, 'Yes, it is in English', 11, 1);
INSERT INTO Reply (replyID, text, userID, commentID) VALUES (12, 'Sadly, it is in second hand. Did not get it from here', 12, 3);
INSERT INTO Reply (replyID, text, userID, commentID) VALUES (13, 'The product is damn good', 13, 4);
INSERT INTO Reply (replyID, text, userID, commentID) VALUES (14, 'Mine is still under processing', 14, 6);
INSERT INTO Reply (replyID, text, userID, commentID) VALUES (15, 'Definitely value for money. Will buy one more if I could.', 15, 7);
INSERT INTO Reply (replyID, text, userID, commentID) VALUES (16, 'It is cheap and extremely good', 10, 8);
INSERT INTO Reply (replyID, text, userID, commentID) VALUES (17, 'There is warranty, it is inside thebox', 11, 9);
INSERT INTO Reply (replyID, text, userID, commentID) VALUES (18, 'It is a brand new product for me, sealed', 12, 3);
INSERT INTO Reply (replyID, text, userID, commentID) VALUES (19, 'The quality is good, and definitely value for money', 13, 8);
INSERT INTO Reply (replyID, text, userID, commentID) VALUES (20, 'Me too, I just gotten my product as well', 14, 5);
SET IDENTITY_INSERT Reply OFF;

-- Complaint Table
SET IDENTITY_INSERT Complaint ON;
INSERT INTO Complaint (complaintID, description, dateFiled, dateAddressed, dateAssigned, status, employeeID, userID) VALUES (1, 'My product is still not here yet...', '2018-07-01',  '2018-07-02', '2018-07-01', 'addressed', 1, 5);
INSERT INTO Complaint (complaintID, description, dateFiled, dateAddressed, dateAssigned, status, employeeID, userID) VALUES (2, 'Why is my product still under processing?', '2018-07-01',  '2018-07-03', '2018-07-01', 'addressed', 2, 4);
INSERT INTO Complaint (complaintID, description, dateFiled, dateAddressed, dateAssigned, status, employeeID, userID) VALUES (3, 'I need this urgently, but it is still not here? Do help.', '2018-07-03',  '2018-07-03', '2018-07-03', 'addressed', 3, 5);
INSERT INTO Complaint (complaintID, description, dateFiled, dateAddressed, dateAssigned, status, employeeID, userID) VALUES (4, 'Why is this shop so irresponsible, my order is still under processed.', '2018-07-03',  '2018-07-04', '2018-07-03', 'addressed', 4, 4);
INSERT INTO Complaint (complaintID, description, dateFiled, dateAddressed, dateAssigned, status, employeeID, userID) VALUES (5, 'What is wrong with this e-Commerce shop? More than one of my product is not here.', '2018-07-04',  '2018-07-04', '2018-07-04', 'addressed', 5, 5);
INSERT INTO Complaint (complaintID, description, dateFiled, dateAddressed, dateAssigned, status, employeeID, userID) VALUES (6, 'Sincerely need to product as soon as possible. Please do help to address this.', '2018-07-05',  '2018-07-06', '2018-07-05', 'addressed', 1, 5);
INSERT INTO Complaint (complaintID, description, dateFiled, dateAddressed, dateAssigned, status, employeeID, userID) VALUES (7, 'WHY!? Can you guys remove such shop?', '2018-07-05',  '2018-07-07', '2018-07-05', 'addressed', 2, 1);
INSERT INTO Complaint (complaintID, description, dateFiled, dateAddressed, dateAssigned, status, employeeID, userID) VALUES (8, 'What kind of customer service is this? Please manage your shops properly.', '2018-07-06',  '2018-07-06', '2018-07-06', 'addressed', 3, 4);
INSERT INTO Complaint (complaintID, description, dateFiled, dateAddressed, dateAssigned, status, employeeID, userID) VALUES (9, 'I paid for the product, but it is not here. What exactly is going on?', '2018-07-07',  '2018-07-09', '2018-07-07', 'addressed', 4, 3);
INSERT INTO Complaint (complaintID, description, dateFiled, dateAddressed, dateAssigned, status, employeeID, userID) VALUES (10, 'Please do something about this. Have been waiting for quite awhile.', '2018-07-07', '2018-07-10', '2018-07-07', 'addressed', 5, 1);
INSERT INTO Complaint (complaintID, description, dateFiled, dateAddressed, dateAssigned, status, employeeID, userID) VALUES (11, 'One of the worst shop I ever seen. Cannot even process orders properly', '2018-07-12', '2018-07-16', '2018-07-12', 'addressed', 1, 10);
INSERT INTO Complaint (complaintID, description, dateFiled, dateAddressed, dateAssigned, status, employeeID, userID) VALUES (12, 'Does this shop even exist? There is no one when I call their shop.', '2018-07-12', '2018-07-12', '2018-07-12', 'addressed', 2, 11);
INSERT INTO Complaint (complaintID, description, dateFiled, dateAddressed, dateAssigned, status, employeeID, userID) VALUES (13, 'This shop does not want customer? Unresponsive.', '2018-07-13', '2018-07-13', '2018-07-13', 'addressed', 3, 12);
INSERT INTO Complaint (complaintID, description, dateFiled, dateAddressed, dateAssigned, status, employeeID, userID) VALUES (14, 'Can you please manage this shop? What a bad shop to exist in this website.', '2018-07-14', '2018-07-14', '2018-07-14', 'addressed', 4, 13);
INSERT INTO Complaint (complaintID, description, dateFiled, dateAddressed, dateAssigned, status, employeeID, userID) VALUES (15, 'Customer service hung up the phone on me', '2018-07-15', '2018-07-16', '2018-07-15', 'addressed', 5, 14);
INSERT INTO Complaint (complaintID, description, dateFiled, dateAddressed, dateAssigned, status, employeeID, userID) VALUES (16, 'Told me to wait for 5 minutes on the phone, but ended up leaving me in the lurch.', '2018-07-20', '2018-07-20', '2018-07-20', 'addressed', 1, 15);
INSERT INTO Complaint (complaintID, description, dateFiled, dateAddressed, dateAssigned, status, employeeID, userID) VALUES (17, 'With the good ratings, they are getting arrogant. The customer service is getting bad to worse.', '2018-07-18', '2018-07-20', '2018-07-18', 'addressed', 2, 6);
INSERT INTO Complaint (complaintID, description, dateFiled, dateAddressed, dateAssigned, status, employeeID, userID) VALUES (18, 'Previously had a good experience with them, but they are getting unresponsive with their hotline.', '2018-07-19', '2018-07-23', '2018-07-19', 'addressed', 3, 7);
INSERT INTO Complaint (complaintID, description, dateFiled, dateAddressed, dateAssigned, status, employeeID, userID) VALUES (19, 'Very rude customer service. Reprimanded me for clarifying their products.', '2018-07-20', '2018-07-22', '2018-07-20', 'addressed', 4, 8);
INSERT INTO Complaint (complaintID, description, dateFiled, dateAddressed, dateAssigned, status, employeeID, userID) VALUES (20, 'Mislead me with what their products offer. Very bad.', '2018-07-21', '2018-08-01', '2018-07-21', 'addressed', 5, 9);
INSERT INTO Complaint (complaintID, description, dateFiled, dateAddressed, dateAssigned, status, employeeID, userID) VALUES (21, 'Not true at all, the condition of the product was bad, for every product I purchased', '2018-08-04', '2018-08-07', '2018-08-04', 'addressed', 3, 8);
INSERT INTO Complaint (complaintID, description, dateFiled, dateAddressed, dateAssigned, status, employeeID, userID) VALUES (22, 'False information, the product was sealed for me', '2018-08-05', '2018-08-07', '2018-08-05', 'addressed', 4, 9);
INSERT INTO Complaint (complaintID, description, dateFiled, dateAddressed, dateAssigned, status, employeeID, userID) VALUES (23, 'Definitely a fake new, please remove such toxic comments', '2018-08-08', '2018-08-08', '2018-08-08', 'addressed', 5, 10);
INSERT INTO Complaint (complaintID, description, dateFiled, dateAddressed, dateAssigned, status, employeeID, userID) VALUES (24, 'Do not know why, but many of my friends have gotten their box sealed, rather than unsealed', '2018-08-09', '2018-08-09', '2018-08-09', 'addressed', 1, 11);
INSERT INTO Complaint (complaintID, description, dateFiled, dateAddressed, dateAssigned, status, employeeID, userID) VALUES (25, 'The manual was not even in English. What type of feedback is this?', '2018-08-10', '2018-08-12', '2018-08-10', 'addressed', 3, 12);
INSERT INTO Complaint (complaintID, description, dateFiled, dateAddressed, dateAssigned, status, employeeID, userID) VALUES (26, 'Not even near the truth', '2018-08-11', '2018-08-14', '2018-08-11', 'addressed', 4, 13);
INSERT INTO Complaint (complaintID, description, dateFiled, dateAssigned, status, employeeID, userID) VALUES (27, 'Please remove this. It is not offensive, but it is not revealing the truth', '2018-08-12', '2018-08-12', 'being handled', 1, 3);
INSERT INTO Complaint (complaintID, description, dateFiled, dateAssigned, status, employeeID, userID) VALUES (28, 'Do not agree with this user comments. He clearly does not what he is talking about', '2018-08-19', '2018-08-19', 'being handled', 2, 4);
INSERT INTO Complaint (complaintID, description, dateFiled, status, userID) VALUES (29, 'It spoiled within 2 days after I gotten it. This is misleading to everyone else', '2018-09-01', 'pending', 1);
INSERT INTO Complaint (complaintID, description, dateFiled, status, userID) VALUES (30, 'What type of comment is this? This is clearly some false promotion', '2018-09-02', 'pending', 2);
SET IDENTITY_INSERT Complaint OFF;

-- Shop_Complaint Table
INSERT INTO Shop_Complaint (complaintID, shopName) VALUES (11, 'Coco Allure');
INSERT INTO Shop_Complaint (complaintID, shopName) VALUES (12, 'Nusell');
INSERT INTO Shop_Complaint (complaintID, shopName) VALUES (13, 'Nusell');
INSERT INTO Shop_Complaint (complaintID, shopName) VALUES (14, 'Nusell');
INSERT INTO Shop_Complaint (complaintID, shopName) VALUES (15, 'Factory Sports');
INSERT INTO Shop_Complaint (complaintID, shopName) VALUES (16, 'Factory Sports');
INSERT INTO Shop_Complaint (complaintID, shopName) VALUES (17, 'Commerce Electro');
INSERT INTO Shop_Complaint (complaintID, shopName) VALUES (18, 'Commerce Electro');
INSERT INTO Shop_Complaint (complaintID, shopName) VALUES (19, 'Cryosell');
INSERT INTO Shop_Complaint (complaintID, shopName) VALUES (20, 'Cryosell');

-- Comment_Complaint Table
INSERT INTO Comment_Complaint (complaintID, commentID) VALUES (21, 17);
INSERT INTO Comment_Complaint (complaintID, commentID) VALUES (22, 3);
INSERT INTO Comment_Complaint (complaintID, commentID) VALUES (23, 3);
INSERT INTO Comment_Complaint (complaintID, commentID) VALUES (24, 3);
INSERT INTO Comment_Complaint (complaintID, commentID) VALUES (25, 11);
INSERT INTO Comment_Complaint (complaintID, commentID) VALUES (26, 7);
INSERT INTO Comment_Complaint (complaintID, commentID) VALUES (27, 23);
INSERT INTO Comment_Complaint (complaintID, commentID) VALUES (28, 12);
INSERT INTO Comment_Complaint (complaintID, commentID) VALUES (29, 17);
INSERT INTO Comment_Complaint (complaintID, commentID) VALUES (30, 17);

-- Order_Product_Complaint Table
INSERT INTO Order_Product_Complaint (complaintID, shopName, productID, priceStart, orderID) VALUES (1,'Coco Allure',11,'2018-06-01',5);
INSERT INTO Order_Product_Complaint (complaintID, shopName, productID, priceStart, orderID) VALUES (2,'Coco Allure',11,'2018-06-01',9);
INSERT INTO Order_Product_Complaint (complaintID, shopName, productID, priceStart, orderID) VALUES (3,'Coco Allure',18,'2018-06-01',15);
INSERT INTO Order_Product_Complaint (complaintID, shopName, productID, priceStart, orderID) VALUES (4,'Commerce Electro',1,'2018-06-01',4);
INSERT INTO Order_Product_Complaint (complaintID, shopName, productID, priceStart, orderID) VALUES (5,'Commerce Electro',4,'2018-06-01',10);
INSERT INTO Order_Product_Complaint (complaintID, shopName, productID, priceStart, orderID) VALUES (6,'Commerce Electro',5,'2018-06-01',10);
INSERT INTO Order_Product_Complaint (complaintID, shopName, productID, priceStart, orderID) VALUES (7,'Cryosell',4,'2018-06-01',1);
INSERT INTO Order_Product_Complaint (complaintID, shopName, productID, priceStart, orderID) VALUES (8,'Cryosell',9,'2018-06-01',4);
INSERT INTO Order_Product_Complaint (complaintID, shopName, productID, priceStart, orderID) VALUES (9,'Factory Sports',19,'2018-06-01',3);
INSERT INTO Order_Product_Complaint (complaintID, shopName, productID, priceStart, orderID) VALUES (10,'Factory Sports',19,'2018-06-01',6);

																								   
-- Restore Constraints after Insertion
GO
ALTER TABLE Complaint WITH NOCHECK CHECK CONSTRAINT Complaint_checkDateFiled
ALTER TABLE Product_Rating WITH NOCHECK CHECK CONSTRAINT Product_Rating_checkRatingDate;
ALTER TABLE Product_Price_History WITH NOCHECK CHECK CONSTRAINT Product_Price_History_checkPriceStart;
ALTER TABLE [Order] WITH NOCHECK CHECK CONSTRAINT Order_checkOrderedDate;
ALTER TABLE Order_Product WITH NOCHECK CHECK CONSTRAINT Order_Product_checkStatChangeDate;
ALTER TABLE Order_Product WITH NOCHECK CHECK CONSTRAINT Order_Product_checkDeliveryDate;
GO

-- Enable Trigger(s)
-- Disable Trigger(s)
ALTER TABLE [User] ENABLE TRIGGER User_RestrictDeletion;
ALTER TABLE Shop ENABLE TRIGGER Shop_RestrictNameChange;
ALTER TABLE [Order] ENABLE TRIGGER Order_RestrictChange;
ALTER TABLE Product_Price_History ENABLE TRIGGER Product_Price_History_RestrictChange;
ALTER TABLE Product_Price_History ENABLE TRIGGER Product_Price_History_checkPreviousPriceEnd;
ALTER TABLE Product_Price_History ENABLE TRIGGER Product_Price_History_checkPriceEndClash;
ALTER TABLE Order_Product ENABLE TRIGGER Order_Product_UpdateTotalProductCost;
ALTER TABLE Order_Product ENABLE TRIGGER Order_Product_StatusChange;
ALTER TABLE Product_Rating ENABLE TRIGGER Product_Rating_ratingDate;
ALTER TABLE Product_Rating ENABLE TRIGGER Product_Rating_checkUserID;
ALTER TABLE Complaint ENABLE TRIGGER Complaint_checkInsertion;
ALTER TABLE Complaint ENABLE TRIGGER Complaint_checkUpdate;
ALTER TABLE Shop_Complaint ENABLE TRIGGER Shop_Complaint_checkComplaintExist;
ALTER TABLE Order_Product_Complaint ENABLE TRIGGER Order_Product_Complaint_checkComplaintExist;
ALTER TABLE Comment_Complaint ENABLE TRIGGER Comment_Complaint_checkComplaintExist;
ALTER TABLE Comment_Complaint ENABLE TRIGGER Comment_Complaint_DeleteComplaint;
ALTER TABLE Order_Product_Complaint DISABLE TRIGGER Order_Product_Complaint_DeleteComplaint;
ALTER TABLE Shop_Complaint ENABLE TRIGGER Shop_Complaint_DeleteComplaint;
ALTER TABLE Order_Product_Complaint ENABLE TRIGGER Order_Product_Complaint_checkUserID;

use master;
GO




